pollster,start_date,end_date,sample_size,population,dem_pct,rep_pct,gb,url
Cygnal,2024-12-09,2024-12-11,1500.0,lv,44.6,48.4,-3.799999999999997,https://www.cygn.al/poll-musk-most-effective-trump-surrogate-as-voters-rally-behind-doge-deportations-and-congressional-republicans/
McLaughlin & Associates,2024-12-11,2024-12-16,1000.0,lv,42.0,47.0,-5.0,https://mclaughlinonline.com/2024/12/18/ma-poll-national-monthly-december-2024/
Cygnal,2025-01-09,2025-01-12,1500.0,lv,44.6,46.8,-2.1999999999999957,https://www.cygn.al/voters-back-kingmaker-trumps-policies-on-economy-energy-and-health/
RMG Research,2025-01-15,2025-01-16,1000.0,rv,44.0,51.0,-7.0,https://napolitannews.org/posts/generic-ballot-gop-51-percent-dem-44
Quantus Insights,2025-01-22,2025-01-23,1000.0,rv,45.0,48.0,-3.0,https://quantusinsights.org/f/trump%E2%80%99s-second-term-begins-what-voters-think
McLaughlin & Associates,2025-01-22,2025-01-27,1000.0,lv,40.0,48.0,-8.0,https://mclaughlinonline.com/pols/wp-content/uploads/2025/01/National-January-Presentation-RELEASE-01-28-25.pdf
"Fabrizio, Lee & Associates/Impact Research",2025-01-27,2025-02-01,3000.0,rv,43.0,43.0,0.0,https://www.aarp.org/content/dam/aarp/research/topics/voter-opinion-research/politics/federal-tax-package-legislative-priorities.doi.10.26419-2fres.00921.001.pdf
Cygnal,2025-02-04,2025-02-05,1500.0,lv,46.2,47.2,-1.0,https://www.cygn.al/poll-trump-winning-over-black-men-dei-skeptics-and-border-hawks-as-democrats-lose-ground/
Clarity Campaign Labs,2025-01-31,2025-02-06,1102.0,rv,45.0,44.0,1.0,https://static1.squarespace.com/static/61ae8d5e55be5c7314b4c83a/t/67aa57a7976e415c4d212706/1739216809584/Clarity+Omnibus+Overview+-+Jan_Feb+2025.pdf
Quantus Insights,2025-02-10,2025-02-12,1000.0,rv,44.0,48.0,-4.0,https://quantusinsights.org/f/quantus-insights-latest-national-survey---february-13-2025
Echelon Insights,2025-02-10,2025-02-13,1010.0,lv,46.0,47.0,-1.0,https://echeloninsights.com/in-the-news/feb-2025-verified-voter-omnibus-2-2/
co/efficient,2025-02-15,2025-02-17,2063.0,lv,44.0,46.0,-2.0,https://coefficient.org/doge-part-2/
McLaughlin & Associates,2025-02-11,2025-02-18,1000.0,lv,41.0,48.0,-7.0,https://mclaughlinonline.com/pols/wp-content/uploads/2025/02/National-February-Presentation-RELEASE-02-18-25.pdf
YouGov,2025-02-16,2025-02-18,1451.0,rv,42.0,41.0,1.0,https://d3nkl3psvxxpe9.cloudfront.net/documents/econTabReport_OFVhPxp.pdf
YouGov,2025-02-16,2025-02-18,1603.0,a,35.0,37.0,-2.0,https://d3nkl3psvxxpe9.cloudfront.net/documents/econtoplines_KfNmvTk.pdf
RMG Research,2025-02-20,2025-02-21,1000.0,rv,46.0,48.0,-2.0,https://x.com/ScottWRasmussen/status/1894720317291114920
Public Opinion Strategies,2025-02-25,2025-03-02,1000.0,rv,44.0,46.0,-2.0,https://paragoninstitute.org/medicaid/paragon-health-policy-survey-2025/
Emerson College,2025-03-02,2025-03-03,1000.0,rv,44.4,41.4,3.0,https://emersoncollegepolling.com/march-2025-national-poll/
Cygnal,2025-03-03,2025-03-05,1500.0,lv,47.4,45.9,1.5,https://www.cygn.al/wp-content/uploads/2025/03/22915-Cygnal-National-NVT-Mar25-Deck-Public.pdf
McLaughlin & Associates,2025-03-04,2025-03-07,2000.0,rv,43.7,45.7,-2.0,https://americasnewmajorityproject.com/wp-content/uploads/2025/03/20250307-NationalANMP-Topline.pdf
Clarity Campaign Labs,2025-03-03,2025-03-09,1036.0,rv,46.0,44.0,2.0,https://static1.squarespace.com/static/61ae8d5e55be5c7314b4c83a/t/67d0921f11ba8d57a17670a9/1741722147070/Clarity+Omnibus+Overview+-+March+2025+PUBLIC.pdf
Hart Research Associates/Public Opinion Strategies,2025-03-07,2025-03-11,1000.0,rv,48.0,47.0,1.0,https://www.nbcnews.com/politics/politics-news/democratic-party-hits-new-polling-low-voters-want-fight-trump-harder-rcna196161
Echelon Insights,2025-03-10,2025-03-13,1007.0,lv,46.0,47.0,-1.0,https://echelonin.wpenginepowered.com/wp-content/uploads/March-2025-Voter-Omnibus-Topline-External.pdf
Quantus Insights,2025-03-25,2025-03-27,1000.0,rv,45.4,46.3,-0.8999999999999986,https://quantusinsights.org/f/trump%E2%80%99s-standing-steadies-but-crosscurrents-remain-ahead-of-2026
"Fabrizio, Lee & Associates/Impact Research",2025-03-27,2025-04-01,1500.0,rv,44.0,43.0,1.0,https://prod-i.a.dj.com/public/resources/documents/March_2025_WSJPoll.pdf
Yale University Institution for Social and Policy Studies,2025-04-01,2025-04-03,4100.0,rv,43.3,41.7,1.5999999999999943,https://docs.google.com/spreadsheets/d/1JhSWPVcKK6tdufsa52TeRk3JRwSsgtglVQP1ZAa8fg4/edit?gid=856853932#gid=856853932
Cygnal,2025-04-01,2025-04-03,1500.0,lv,48.0,47.0,1.0,https://www.cygn.al/poll-democrats-continue-to-struggle-as-trump-maintains-strong-approval-even-in-light-of-tariffs/
YouGov,2025-04-05,2025-04-08,1735.0,a,39.0,36.0,3.0,https://d3nkl3psvxxpe9.cloudfront.net/documents/econTabReport_pXJ0PxA.pdf#page31
YouGov,2025-04-05,2025-04-08,1558.0,rv,43.0,42.0,1.0,https://d3nkl3psvxxpe9.cloudfront.net/documents/econTabReport_pXJ0PxA.pdf#page31
RealClear Opinion Research,2025-04-10,2025-04-12,1000.0,rv,40.0,39.0,1.0,https://www.realclearpolitics.com/articles/2025/04/18/rcp_poll_voters_see_campus_bias_reject_trumps_tariff_pitch_152678.html
Hart Research Associates/Public Opinion Strategies,2025-04-09,2025-04-13,1000.0,a,48.0,46.0,2.0,https://www.cnbc.com/video/2025/04/17/tariffs-weight-on-trump-approval-cnbc-survey-finds.html
Echelon Insights,2025-04-10,2025-04-14,1014.0,lv,47.0,47.0,0.0,https://echelonin.wpenginepowered.com/wp-content/uploads/April-2025-Voter-Omnibus-Topline-External.pdf
Clarity Campaign Labs,2025-04-09,2025-04-14,1008.0,rv,44.0,45.0,-1.0,https://45840940.fs1.hubspotusercontent-na1.net/hubfs/45840940/Clarity%20Omnibus%20Overview_April%202025.pdf
RMG Research,2025-04-16,2025-04-16,1000.0,rv,50.0,45.0,5.0,https://napolitannews.org/posts/democrats-make-huge-gains-on-generic-ballot
Noble Predictive Insights,2025-04-15,2025-04-18,2527.0,rv,45.0,42.0,3.0,"https://www.editorandpublisher.com/stories/the-center-square-voters-voice-poll-weighs-voter-sentiment,255438"
McLaughlin & Associates,2025-04-16,2025-04-19,1638.0,lv,45.7,47.1,-1.3999999999999986,https://americasnewmajorityproject.com/wp-content/uploads/2025/04/20250419-NationalANMP-Tabs.pdf
McLaughlin & Associates,2025-04-16,2025-04-19,2000.0,rv,44.5,44.3,0.20000000000000284,https://americasnewmajorityproject.com/wp-content/uploads/2025/04/20250419-NationalANMP-Tabs.pdf
Beacon Research/Shaw & Co. Research,2025-04-18,2025-04-21,1104.0,rv,49.0,42.0,7.0,https://static.foxnews.com/foxnews.com/content/uploads/2025/04/fox_april-18-21-2025_complete_national_cross-tabs_april-25-release.pdf
The New York Times/Siena College,2025-04-21,2025-04-24,913.0,rv,47.0,44.0,3.0,https://www.nytimes.com/interactive/2025/04/25/us/elections/times-siena-poll-crosstabs.html
TrueDot.ai,2025-04-23,2025-04-27,1448.0,rv,45.0,40.0,5.0,https://nexstartv-my.sharepoint.com/:x:/g/personal/mhobe_nexstar_tv/Ed_IQP-AattKq1IhfspZkKUB_j3G-vcd-JiJJksGOx_TLQ?rtime=E1yhGTiJ3Ug
Big Data Poll,2025-05-03,2025-05-05,3128.0,rv,40.2,42.3,-2.0999999999999943,https://www.bigdatapoll.com/blog/poll-trump-approval-tempered-by-economic-concerns/
Verasight,2025-05-01,2025-05-06,1000.0,a,47.0,41.0,6.0,https://www.gelliottmorris.com/p/new-poll-americans-oppose-trumps
Quantus Insights,2025-05-05,2025-05-07,1000.0,rv,45.2,44.8,0.4000000000000057,https://drive.google.com/file/d/1LYTAPAsIBBz_BShqyN4ZeZsQkDlLzbZM/view
Cygnal,2025-05-06,2025-05-08,1500.0,lv,47.1,46.6,0.5,https://www.cygn.al/wp-content/uploads/2025/05/23020-Cygnal-National-May25-NVT-Deck-Public-1.pdf
co/efficient,2025-05-07,2025-05-09,1462.0,lv,45.0,42.0,3.0,https://coefficient.org/national-approval-study/
Echelon Insights,2025-05-08,2025-05-12,1000.0,lv,47.0,48.0,-1.0,https://echeloninsights.com/in-the-news/may-2025-verified-voter-omnibus-2-2-2-2-2/
Fabrizio Ward,2025-05-15,2025-05-19,800.0,rv,42.0,42.0,0.0,https://pinpointpolicyinstitute.org/wp-content/uploads/2025/06/National-Spring-Quarterly-Tracking-Memo-6-2-25-1.pdf
RMG Research,2025-05-20,2025-05-21,1000.0,rv,48.0,45.0,3.0,https://napolitannews.org/posts/generic-ballot-gop-43-percent-dem-43
McLaughlin & Associates,2025-05-21,2025-05-26,1000.0,rv,43.0,47.0,-4.0,https://mclaughlinonline.com/pols/wp-content/uploads/2025/05/National-May-Presentation-RELEASE-05-27-25.pdf
AtlasIntel,2025-05-21,2025-05-27,3469.0,rv,50.9,41.7,9.199999999999996,https://atlasintel.org/poll/usa-national-2025-05-30
YouGov,2025-05-30,2025-06-02,1610.0,a,39.0,36.0,3.0,https://d3nkl3psvxxpe9.cloudfront.net/documents/econTabReport_MV984ah.pdf
YouGov,2025-05-30,2025-06-02,1436.0,rv,44.0,42.0,2.0,https://d3nkl3psvxxpe9.cloudfront.net/documents/econTabReport_MV984ah.pdf
Cygnal,2025-06-03,2025-06-04,1500.0,lv,47.2,46.9,0.30000000000000426,https://www.cygn.al/wp-content/uploads/2025/06/Cygnal-National-NVT-June25-Deck.pdf
Quantus Insights,2025-06-01,2025-06-04,1000.0,rv,46.0,45.0,1.0,https://drive.google.com/file/d/1SFF1dEYQckjhF-RcJscsORgjYaM1hkOT/view
J.L. Partners,2025-06-06,2025-06-06,1006.0,rv,42.0,35.0,7.0,https://www.dailymail.co.uk/news/article-14796175/polling-donald-trump-2024-election-elon-musk.html
RMG Research,2025-06-09,2025-06-09,1000.0,rv,35.0,35.0,0.0,https://napolitannews.org/posts/musk-3rd-party-would-get-8-percent-of-voters
McLaughlin & Associates,2025-06-09,2025-06-11,1000.0,lv,44.0,46.0,-2.0,https://www.clubforgrowth.org/wp-content/uploads/securepdfs/2025/06/National-CFG-Memo-06-12-25.pdf
Quantus Insights,2025-06-09,2025-06-11,1000.0,rv,43.0,43.0,0.0,https://drive.google.com/file/d/1AQ_6yT9lTlj7wLGm38j8x0vtSMtPNMcK/view
Verasight,2025-06-06,2025-06-12,1500.0,a,45.0,37.0,8.0,https://www.gelliottmorris.com/p/trump-approval-at-42-democrats-up
Clarity Campaign Labs,2025-06-05,2025-06-14,1000.0,rv,50.0,45.0,5.0,https://static1.squarespace.com/static/61ae8d5e55be5c7314b4c83a/t/6852fc5a3ac4c05449fc450e/1750269023826/Clarity+Omnibus+Overview+-+June+2025+%5BPUBLIC%5D.pdf
McLaughlin & Associates,2025-06-10,2025-06-15,1000.0,lv,42.0,47.0,-5.0,https://mclaughlinonline.com/pols/wp-content/uploads/2025/06/National-June-Presentation-RELEASE-6-16-25.pdf
co/efficient,2025-06-12,2025-06-16,1035.0,lv,46.0,46.0,0.0,https://coefficient.org/wp-content/uploads/2025/06/OBB-questions-and-methodology.pdf
Echelon Insights,2025-06-12,2025-06-17,982.0,lv,47.0,48.0,-1.0,https://echelonin.wpenginepowered.com/wp-content/uploads/June-2025-Voter-Omnibus-Topline-EXTERNAL.pdf
Echelon Insights,2025-06-17,2025-06-18,1002.0,lv,47.0,48.0,-1.0,https://echelonin.wpenginepowered.com/wp-content/uploads/June-2025-Middle-East-Update.pdf
RMG Research,2025-06-18,2025-06-19,1000.0,rv,44.0,52.0,-8.0,https://napolitannews.org/posts/generic-ballot-gop-holds-largest-lead-of-the-year
Cygnal,2025-06-19,2025-06-21,800.0,lv,48.4,46.0,2.3999999999999986,https://www.cygn.al/wp-content/uploads/2025/06/Cygnal-National-Bitcoin-Policy-Summit-Deck.pdf
American Pulse Research & Polling,2025-06-23,2025-06-25,633.0,rv,46.6,42.4,4.200000000000003,https://s3.amazonaws.com/kajabi-storefronts-production/file-uploads/sites/24373/themes/2158162839/downloads/21cb32-c88-2208-3bd4-047cb00ebdd_250626_American_Pulse_-_Iran_the_Middle_East_Survey_-_Topline_Report.pdf
Emerson College,2025-06-24,2025-06-25,1000.0,rv,42.5,39.8,2.700000000000003,https://docs.google.com/spreadsheets/d/1cwlzwZ55-BHCkCuixS1F8QfAQItDbGpL/edit?gid=47272069#gid=47272069
Quantus Insights,2025-06-23,2025-06-25,1000.0,rv,43.0,42.0,1.0,https://docs.google.com/spreadsheets/d/1JpJHtbUwDhrW777D0MyY10jeSJSJK7YZ/edit?gid=1873450102#gid=1873450102
Cygnal,2025-07-01,2025-07-02,1500.0,lv,47.1,45.7,1.3999999999999986,https://www.cygn.al/wp-content/uploads/2025/07/Cygnal-National-NVT-Jul25-Deck-Public.pdf
A2 Insights,2025-07-07,2025-07-10,862.0,rv,47.7,44.4,3.3000000000000043,https://drive.google.com/file/d/1rWAD3mtcrfDv02JzCYf9LLJmRebMkq85/view?pli=1
Echelon Insights,2025-07-10,2025-07-14,1084.0,lv,48.0,47.0,1.0,https://echelonin.wpenginepowered.com/wp-content/uploads/July-2025-Voter-Omnibus-Topline-External.pdf
Big Data Poll,2025-07-12,2025-07-14,3022.0,rv,42.3,41.1,1.1999999999999957,https://application.marketsight.com/app/ItemView.aspx?SharedFor=public%40bigdatapoll.com&SharedBy=34090&id=3365ed0e-4357-4944-a962-b31b01623800
McLaughlin & Associates,2025-07-09,2025-07-14,1000.0,lv,42.0,47.0,-5.0,https://mclaughlinonline.com/pols/wp-content/uploads/2025/07/National-July-Presentation-RELEASE-07-15-25.pdf
RMG Research,2025-07-14,2025-07-16,2000.0,rv,45.0,49.0,-4.0,https://napolitannews.org/posts/generic-ballot-july-2025-republicans-46-percent-democrats-42
Quantus Insights,2025-07-14,2025-07-16,1000.0,rv,44.0,42.0,2.0,https://drive.google.com/file/d/1itHIYE8XQgWu6RGm_NXhcWK2amJjONku/view
Verasight,2025-07-14,2025-07-16,1500.0,a,47.0,43.0,4.0,https://www.gelliottmorris.com/p/new-poll-dems-lead-house-generic#07-16-2025
AtlasIntel,2025-07-13,2025-07-18,1435.0,a,51.3,42.7,8.599999999999994,https://cdn.atlasintel.org/20e36f18-42bd-4a28-85f4-9f623905ba71.pdf?_gl=1*3tf2cu*_ga*Nzg1NTgxMTM2LjE3NTI4ODY1ODc.*_ga_W78QD5CNP1*czE3NTI4ODY1ODckbzEkZzAkdDE3NTI4ODY1OTQkajUzJGwwJGgw
"Fabrizio, Lee & Associates/Impact Research",2025-07-16,2025-07-20,1500.0,rv,46.0,43.0,3.0,https://prod-i.a.dj.com/public/resources/documents/Redacted1WSJPollJuly2025.pdf
Emerson College,2025-07-21,2025-07-22,1400.0,rv,44.0,41.5,2.5,https://docs.google.com/spreadsheets/d/1iZsOtBWxln95TjYfOOGE6cfqX6WC86M8/edit?usp=drivesdk&ouid=114621343622731351074&rtpof=true&sd=true
McLaughlin & Associates,2025-07-21,2025-07-24,2000.0,rv,45.5,42.8,2.700000000000003,https://americasnewmajorityproject.com/wp-content/uploads/2025/07/20250724-NationalANMP-Tabs.pdf
McLaughlin & Associates,2025-07-21,2025-07-24,1633.0,lv,48.0,43.9,4.100000000000001,https://americasnewmajorityproject.com/wp-content/uploads/2025/07/20250724-NationalANMP-Tabs.pdf
YouGov,2025-07-25,2025-07-28,1610.0,rv,43.0,41.0,2.0,https://today.yougov.com/topics/politics/trackers/congressional-ballot-voting-intention#07-28-2025
YouGov,2025-07-24,2025-07-28,1167.0,rv,46.0,39.0,7.0,https://d3nkl3psvxxpe9.cloudfront.net/documents/20250728_yahoo.pdf
Grayhouse,2025-07-27,2025-07-29,2000.0,rv,47.0,44.0,3.0,https://cdn.prod.website-files.com/5d02aaade6188137a65c8441/6894e3bfba25e36f2fad12de_OBBB%20Message%20Testing%20Full.pdf
Clarity Campaign Labs,2025-07-24,2025-07-31,1018.0,rv,51.0,43.0,8.0,https://static1.squarespace.com/static/61ae8d5e55be5c7314b4c83a/t/68936b40c111f97bb04773dd/1754491714447/Clarity+Omnibus+Overview+-+July+2025+%5BPUBLIC%5D.pdf
Hart Research Associates/Public Opinion Strategies,2025-07-29,2025-08-03,1000.0,a,49.0,44.0,5.0,https://pos.org/wp-content/uploads/2025/08/250178-CNBC-AAES-Q2-2025-Topline-8-7-2025-Release.pdf
YouGov,2025-08-01,2025-08-04,1528.0,rv,43.7,38.4,5.300000000000004,https://today.yougov.com/topics/politics/trackers/congressional-ballot-voting-intention#08-04-2025
Cygnal,2025-08-07,2025-08-09,1500.0,lv,47.4,46.4,1.0,https://www.cygn.al/wp-content/uploads/2025/08/23190-Cygnal-National-Aug25-NVT-Deck-Public.pdf
YouGov,2025-08-09,2025-08-11,1474.0,rv,42.0,40.0,2.0,https://d3nkl3psvxxpe9.cloudfront.net/documents/econTabReport_Y7xe8fY.pdf
YouGov,2025-08-09,2025-08-11,1635.0,a,38.0,35.0,3.0,https://d3nkl3psvxxpe9.cloudfront.net/documents/econTabReport_Y7xe8fY.pdf
Quantus Insights,2025-08-11,2025-08-13,1000.0,rv,45.0,42.0,3.0,https://drive.google.com/file/d/1p5seXSsPUMcdYt5QC_x_ViSrSEWF261z/view?usp=sharing
The Argument/Verasight,2025-08-08,2025-08-17,1562.0,rv,50.7,49.3,1.4000000000000057,https://www.theargumentmag.com/p/when-americans-bite-their-tongues
Echelon Insights,2025-08-14,2025-08-18,1057.0,lv,47.0,46.0,1.0,https://echeloninsights.com/in-the-news/august-2025-verified-voter-omnibus/
SoCal Strategies,2025-08-19,2025-08-19,700.0,a,42.0,37.0,5.0,https://docs.google.com/spreadsheets/d/1Bj9_tUbMG1yCnME1rc7ggQF7qt8mmxetIfD7bQL167w/edit?gid=0#gid=0
Verasight,2025-08-18,2025-08-21,1500.0,a,49.0,41.0,8.0,https://www.gelliottmorris.com/p/democrats-lead-the-us-house-generic
RMG Research,2025-08-13,2025-08-21,2000.0,rv,47.0,47.0,0.0,https://napolitannews.org/jobapproval#08-21-2025
YouGov,2025-08-22,2025-08-25,1377.0,rv,43.0,41.0,2.0,https://d3nkl3psvxxpe9.cloudfront.net/documents/econTabReport_otzzSNZ.pdf
YouGov,2025-08-22,2025-08-25,1523.0,a,41.0,36.0,5.0,https://d3nkl3psvxxpe9.cloudfront.net/documents/econTabReport_otzzSNZ.pdf
Emerson College,2025-08-25,2025-08-26,1000.0,rv,43.3,43.0,0.29999999999999716,https://docs.google.com/spreadsheets/d/11Pmwdv5G5pCF8yTyrQo6e2oIdwHB97rD/edit?usp=sharing&ouid=107857247170786005927&rtpof=true&sd=true
McLaughlin & Associates,2025-08-21,2025-08-26,1000.0,lv,45.0,47.0,-2.0,https://mclaughlinonline.com/pols/wp-content/uploads/2025/09/National-August-Presentation-RELEASE-8-27-25.pdf
Morning Consult,2025-08-29,2025-08-31,2202.0,rv,45.0,41.0,4.0,https://pro.morningconsult.com/trackers/donald-trump-congress-policy-republicans-polling#08-31-2025
The Winston Group,2025-08-30,2025-09-01,1000.0,rv,47.0,43.0,4.0,https://www.winningtheissues.org/wp-content/uploads/2026/01/August-2025-WTI-Survey.pdf
CNN/SSRS,2025-08-21,2025-09-01,2077.0,a,52.0,47.0,5.0,https://s3.documentcloud.org/documents/26157888/cnn-poll-of-political-independents.pdf
CNN/SSRS,2025-08-21,2025-09-01,1768.0,rv,52.0,48.0,4.0,https://s3.documentcloud.org/documents/26157888/cnn-poll-of-political-independents.pdf
YouGov,2025-08-29,2025-09-02,1691.0,a,38.0,34.0,4.0,https://d3nkl3psvxxpe9.cloudfront.net/documents/econTabReport_S3c69M7.pdf
YouGov,2025-08-29,2025-09-02,1549.0,rv,43.0,39.0,4.0,https://d3nkl3psvxxpe9.cloudfront.net/documents/econTabReport_S3c69M7.pdf
Cygnal,2025-09-02,2025-09-03,1500.0,lv,47.6,45.2,2.3999999999999986,https://www.cygn.al/wp-content/uploads/2025/09/23260-Cygnal-National-Sep25-NVT-Deck-Public.pdf
Public Religion Research Institute,2025-08-15,2025-09-08,5543.0,a,33.0,30.0,3.0,https://prri.org/wp-content/uploads/2025/10/2025-PRRI-American-Values-Survey-Topline.pdf
YouGov,2025-09-05,2025-09-08,1487.0,rv,44.0,40.0,4.0,https://d3nkl3psvxxpe9.cloudfront.net/documents/econTabReport_posPy08.pdf
YouGov,2025-09-05,2025-09-08,1644.0,a,39.0,36.0,3.0,https://d3nkl3psvxxpe9.cloudfront.net/documents/econTabReport_posPy08.pdf
Clarity Campaign Labs,2025-09-04,2025-09-11,1001.0,rv,50.0,44.0,6.0,https://www.claritycampaigns.com/clarity-omnibus-september-2025
YouGov,2025-09-12,2025-09-15,1420.0,rv,43.0,41.0,2.0,https://d3nkl3psvxxpe9.cloudfront.net/documents/econTabReport_jmHpS1k.pdf
YouGov,2025-09-12,2025-09-15,1567.0,a,37.0,33.0,4.0,https://d3nkl3psvxxpe9.cloudfront.net/documents/econTabReport_jmHpS1k.pdf
"Normington, Petts & Associates",2025-09-11,2025-09-16,800.0,lv,51.0,49.0,2.0,https://thirdway.imgix.net/downloads/americans-caught-between-trumps-cruelty-and-democrats-chaos/Third-Way-and-Normington-Petts-National-Immigration-Survey-Toplines.pdf
AtlasIntel,2025-09-12,2025-09-16,1066.0,a,51.8,43.5,8.299999999999997,https://cdn.atlasintel.org/e734ffb6-e175-4467-b745-bd32bf1aca9a.pdf
The Argument/Verasight,2025-09-15,2025-09-18,1541.0,rv,53.0,47.0,6.0,https://www.theargumentmag.com/p/chatgpt-and-the-end-of-learning
Verasight,2025-09-15,2025-09-19,1500.0,a,47.0,42.0,5.0,https://www.gelliottmorris.com/p/new-poll-voters-to-blame-republicans-for-shutdown
Echelon Insights,2025-09-18,2025-09-22,1071.0,lv,47.0,46.0,1.0,https://echelonin.wpenginepowered.com/wp-content/uploads/September-2025-Voter-Omnibus-Topline-External-1.pdf
McLaughlin & Associates,2025-09-17,2025-09-22,1000.0,lv,41.0,47.0,-6.0,https://mclaughlinonline.com/pols/wp-content/uploads/2025/09/National-September-Presentation-RELEASE-9-24-25-1.pdf
YouGov,2025-09-19,2025-09-22,1551.0,a,39.0,35.0,4.0,https://d3nkl3psvxxpe9.cloudfront.net/documents/econTabReport_XUKbKYQ.pdf
YouGov,2025-09-19,2025-09-22,1392.0,rv,45.0,42.0,3.0,https://d3nkl3psvxxpe9.cloudfront.net/documents/econTabReport_XUKbKYQ.pdf
RMG Research,2025-09-22,2025-09-24,2000.0,rv,45.0,46.0,-1.0,https://napolitannews.org/posts/generic-ballot-gop-43-percent-dem-41
The New York Times/Siena College,2025-09-22,2025-09-27,1313.0,rv,47.0,45.0,2.0,https://www.nytimes.com/interactive/2025/09/30/polls/times-siena-poll-registered-voter-crosstabs.html
YouGov,2025-09-25,2025-09-29,1126.0,rv,44.0,40.0,4.0,https://www.scribd.com/document/925455404/Combined-Kimmel
YouGov,2025-09-26,2025-09-29,1518.0,rv,44.0,41.0,3.0,https://d3nkl3psvxxpe9.cloudfront.net/documents/econTabReport_5xxkX0x.pdf
YouGov,2025-09-26,2025-09-29,1656.0,a,41.0,35.0,6.0,https://d3nkl3psvxxpe9.cloudfront.net/documents/econTabReport_5xxkX0x.pdf
Morning Consult,2025-10-03,2025-10-05,2200.0,rv,46.0,43.0,3.0,https://pro.morningconsult.com/trackers/donald-trump-congress-policy-republicans-polling#10-05-2025
Morning Consult,2025-09-29,2025-10-05,19675.0,rv,44.0,43.0,1.0,https://pro.morningconsult.com/trackers/2026-midterm-elections-tracker-generic-ballot#10-05-2025
Noble Predictive Insights,2025-10-02,2025-10-06,2565.0,rv,45.0,43.0,2.0,https://www.thecentersquare.com/north_carolina/article_1ca4f129-6cbd-4a04-a83b-4e98ad17c137.html
YouGov,2025-10-04,2025-10-06,1648.0,a,39.0,33.0,6.0,https://d3nkl3psvxxpe9.cloudfront.net/documents/econTabReport_aAQjgRJ.pdf
YouGov,2025-10-04,2025-10-06,1490.0,rv,44.0,39.0,5.0,https://d3nkl3psvxxpe9.cloudfront.net/documents/econTabReport_aAQjgRJ.pdf
Quantus Insights,2025-10-06,2025-10-07,1000.0,lv,42.0,43.0,-1.0,https://drive.google.com/file/d/18CFNjqfW9dYNXE0l84WXTlCLcYVvvbSk/view
Cygnal,2025-10-07,2025-10-08,1500.0,lv,48.0,45.0,3.0,https://www.cygn.al/poll-42-of-liberals-approve-of-law-breaking-in-response-to-disagreeing-with-a-government-action/
Morning Consult,2025-10-06,2025-10-12,19675.0,rv,44.0,43.0,1.0,https://pro.morningconsult.com/trackers/2026-midterm-elections-tracker-generic-ballot#10-12-2025
Hart Research Associates/Public Opinion Strategies,2025-10-08,2025-10-12,1000.0,a,48.0,47.0,1.0,https://www.cnbc.com/2025/10/17/trumps-economic-approval-rating-drops-says-cnbc-survey.html
YouGov,2025-10-10,2025-10-13,1467.0,rv,43.0,40.0,3.0,https://d3nkl3psvxxpe9.cloudfront.net/documents/econtoplines_GWBYlDD.pdf
YouGov,2025-10-10,2025-10-13,1622.0,a,39.0,34.0,5.0,https://d3nkl3psvxxpe9.cloudfront.net/documents/econtoplines_GWBYlDD.pdf
Emerson College,2025-10-13,2025-10-14,1000.0,rv,43.9,42.5,1.3999999999999986,https://docs.google.com/spreadsheets/d/1OH0jUjsnk6GYnBZgR648Qenu3UpslqAW/edit?gid=329128904#gid=329128904
J.L. Partners,2025-10-14,2025-10-15,1004.0,rv,43.0,37.0,6.0,https://jlpartners.com/s/DailyMail_Crosstabs_Oct25_MiddleEast.xlsx
The Argument/Verasight,2025-10-10,2025-10-16,1530.0,rv,51.0,49.0,2.0,https://www.theargumentmag.com/p/the-immigration-problem-is-a-crime
The Winston Group,2025-10-15,2025-10-16,1000.0,rv,47.0,43.0,4.0,https://www.winningtheissues.org/wp-content/uploads/2026/01/October-2025-WTI-National-Survey.pdf
Morning Consult,2025-10-17,2025-10-19,2200.0,rv,46.0,43.0,3.0,https://pro.morningconsult.com/trackers/donald-trump-congress-policy-republicans-polling#10-19-2025
Morning Consult,2025-10-13,2025-10-19,19675.0,rv,44.0,42.0,2.0,https://pro.morningconsult.com/trackers/2026-midterm-elections-tracker-generic-ballot#10-19-2025
Echelon Insights,2025-10-16,2025-10-20,1010.0,lv,48.0,46.0,2.0,https://echelonin.wpenginepowered.com/wp-content/uploads/October-2025-Voter-Omnibus-Topline-External-2.pdf
University of Massachusetts Department of Political Science/YouGov,2025-10-16,2025-10-20,1000.0,a,38.0,35.0,3.0,https://www.uml.edu/news/press-releases/2025/national-poll-10292025.aspx
Ipsos,2025-10-15,2025-10-20,,,41.0,38.0,3.0,https://www.reuters.com/data/which-party-do-americans-want-run-congress-2025-11-05#10-20-2025
YouGov,2025-10-17,2025-10-20,1621.0,a,40.0,35.0,5.0,https://d3nkl3psvxxpe9.cloudfront.net/documents/econtoplines_9BPkYGS.pdf
YouGov,2025-10-17,2025-10-20,1448.0,rv,45.0,40.0,5.0,https://d3nkl3psvxxpe9.cloudfront.net/documents/econtoplines_9BPkYGS.pdf
Quinnipiac University,2025-10-16,2025-10-20,1327.0,rv,50.0,41.0,9.0,https://poll.qu.edu/poll-release?releaseid=3938
Clarity Campaign Labs,2025-10-16,2025-10-23,1047.0,rv,47.0,46.0,1.0,https://www.claritycampaigns.com/clarity-omnibus-oct-2025
Morning Consult,2025-10-20,2025-10-26,19675.0,rv,44.0,42.0,2.0,https://pro.morningconsult.com/trackers/2026-midterm-elections-tracker-generic-ballot#10-26-2025
Manhattan Institute,2025-10-15,2025-10-26,500.0,rv,47.0,44.0,3.0,https://media4.manhattan-institute.org/wp-content/uploads/MI-GOP-Trump-Voters-Toplines-FULL-11.19.pdf
Ipsos,2025-10-24,2025-10-26,,,39.0,39.0,0.0,https://www.reuters.com/data/which-party-do-americans-want-run-congress-2025-11-05#10-26-2025
YouGov,2025-10-23,2025-10-27,1197.0,rv,45.0,40.0,5.0,https://www.scribd.com/document/940273112/Yahoo-YouGov-Shutdown-Poll-October-2025
McLaughlin & Associates,2025-10-21,2025-10-27,1000.0,lv,44.0,46.0,-2.0,https://mclaughlinonline.com/pols/wp-content/uploads/2025/10/National-October-Presentation-RELEASE.pdf
YouGov,2025-10-24,2025-10-27,1476.0,rv,43.0,40.0,3.0,https://d3nkl3psvxxpe9.cloudfront.net/documents/econtoplines_6P3FccQ.pdf
YouGov,2025-10-24,2025-10-27,1623.0,a,39.0,34.0,5.0,https://d3nkl3psvxxpe9.cloudfront.net/documents/econtoplines_6P3FccQ.pdf
Hart Research Associates/Public Opinion Strategies,2025-10-24,2025-10-28,1000.0,rv,50.0,42.0,8.0,https://pos.org/wp-content/uploads/2025/11/NBC-News-October-2025-Poll-11-02-2025-Release.pdf
Washington Post/ABC News/Ipsos,2025-10-24,2025-10-28,2203.0,rv,46.0,44.0,2.0,https://www.washingtonpost.com/documents/1d305cca-df33-44a8-ba8d-c98790a67f99.pdf
Big Data Poll,2025-10-26,2025-10-28,2984.0,rv,43.0,41.0,2.0,https://www.bigdatapoll.com/blog/trumps-third-world-immigration-moratorium-widely-popular/
NewsNation/Decision Desk HQ,2025-10-27,2025-10-29,1158.0,lv,47.0,47.0,0.0,https://www.newsnationnow.com/polls/full-poll-results-newsnation-national-survey-trump
Verasight,2025-10-24,2025-10-29,1567.0,a,49.0,41.0,8.0,https://www.gelliottmorris.com/p/new-poll-voters-want-democrats-to
NewsNation/Decision Desk HQ,2025-10-27,2025-10-29,1609.0,rv,45.0,44.0,1.0,https://www.newsnationnow.com/polls/full-poll-results-newsnation-national-survey-trump
CNN/SSRS,2025-10-27,2025-10-30,954.0,rv,47.0,42.0,5.0,https://www.cnn.com/2025/11/03/politics/cnn-poll-democrats-trump-midterms
Morning Consult,2025-10-27,2025-11-02,19675.0,rv,43.0,43.0,0.0,https://pro.morningconsult.com/trackers/2026-midterm-elections-tracker-generic-ballot#11-02-2025
RMG Research,2025-10-31,2025-11-03,2000.0,rv,44.0,46.0,-2.0,https://napolitannews.org/posts/generic-ballot-gop-43-percent-dem-42
YouGov,2025-10-31,2025-11-03,1656.0,a,38.0,35.0,3.0,https://d3nkl3psvxxpe9.cloudfront.net/documents/econtoplines_IUIp7Sc.pdf
YouGov,2025-10-31,2025-11-03,1475.0,rv,44.0,41.0,3.0,https://d3nkl3psvxxpe9.cloudfront.net/documents/econtoplines_IUIp7Sc.pdf
Emerson College,2025-11-03,2025-11-04,1000.0,rv,43.5,40.1,3.3999999999999986,https://docs.google.com/spreadsheets/d/1-IAQE73c7vVIynxF_-FW_kdiPJrpUIrO/edit?usp=sharing&ouid=107857247170786005927&rtpof=true&sd=true
Cygnal,2025-11-05,2025-11-06,1500.0,lv,49.7,43.6,6.100000000000001,https://www.cygn.al/wp-content/uploads/2025/11/Cygnal-National-NVT-Nov25-Deck-Public.pdf
Morning Consult,2025-11-03,2025-11-09,19675.0,rv,44.0,42.0,2.0,https://pro.morningconsult.com/trackers/2026-midterm-elections-tracker-generic-ballot#11-09-2025
Morning Consult,2025-11-07,2025-11-09,2201.0,rv,48.0,43.0,5.0,https://links.morningconsult.com/s/vb/pML3dxXpq_z0HGPRnIodfYJnCrdA5pv30yFHu8yovGNrkEKsYCrN0zHjzdDyQ6wBWN0YIBIZGjicBqLObQiaEyGGtyGViptcSFlD8X4UtYodgjvUMgKnwSfn3kTdfTsm3qYyj6bgK-k185oLu3OUHtto-3du_st3ktx_3w/Jj-WgYyBcbX2NhKQBSWVc88CaP2QP8XN/14
YouGov,2025-11-07,2025-11-10,1500.0,rv,46.0,39.0,7.0,https://d3nkl3psvxxpe9.cloudfront.net/documents/econTabReport_EAdEA3C.pdf
YouGov,2025-11-07,2025-11-10,1663.0,a,40.0,34.0,6.0,https://d3nkl3psvxxpe9.cloudfront.net/documents/econTabReport_EAdEA3C.pdf
YouGov Blue,2025-11-07,2025-11-10,517.0,rv,48.0,45.0,3.0,https://www.the-downballot.com/p/new-poll-shows-democrats-best-path
Yale Youth Poll,2025-10-29,2025-11-11,3426.0,rv,45.0,43.0,2.0,https://youthpoll.yale.edu/fall-2025-results
Survey 160,2025-11-06,2025-11-12,1513.0,rv,46.0,39.0,7.0,https://www.survey160.com/methodological-research-blog/survey-160-tracking-poll-november-2025-update
Marquette University Law School,2025-11-05,2025-11-12,903.0,rv,49.0,44.0,5.0,https://law.marquette.edu/poll/wp-content/uploads/2025/11/MLSPSC29Toplines_NationalIssues.html
Marquette University Law School,2025-11-05,2025-11-12,1052.0,a,46.0,41.0,5.0,https://law.marquette.edu/poll/wp-content/uploads/2025/11/MLSPSC29Toplines_NationalIssues.html
Ipsos,2025-11-07,2025-11-12,938.0,rv,41.0,40.0,1.0,https://www.reuters.com/world/us/democrats-more-energized-2026-elections-than-republicans-reutersipsos-poll-finds-2025-11-13
Quantus Insights,2025-11-11,2025-11-12,1000.0,rv,43.7,39.3,4.400000000000006,https://docs.google.com/spreadsheets/d/1hWBzli7svmD7m4Ew3enKOh6A8FtTDJRaQ-fMniwlXIc/edit?gid=1563426900#gid=1563426900
Marquette University Law School,2025-11-05,2025-11-12,602.0,lv,53.0,44.0,9.0,https://law.marquette.edu/poll/wp-content/uploads/2025/11/MLSPSC29Toplines_NationalIssues.html
Marist College,2025-11-10,2025-11-13,1291.0,rv,55.0,41.0,14.0,https://maristpoll.marist.edu/wp-content/uploads/2025/11/NPR_PBS-News_Marist-Poll_USA-NOS-and-Tables_202511141156-1.pdf
High Point University Survey Research Center,2025-11-10,2025-11-14,1004.0,a,46.0,36.0,10.0,https://www.highpoint.edu/src/files/2023/08/HPUPoll-115-and-116-Memo.pdf
Verasight,2025-11-12,2025-11-14,1004.0,a,47.0,42.0,5.0,https://www.gelliottmorris.com/p/new-poll-democrats-lead-the-2026
Verasight,2025-11-12,2025-11-14,896.0,rv,49.0,44.0,5.0,https://www.gelliottmorris.com/p/new-poll-democrats-lead-the-2026
High Point University Survey Research Center,2025-11-10,2025-11-14,837.0,rv,48.0,39.0,9.0,https://www.highpoint.edu/src/files/2023/08/HPUPoll-115-and-116-Registered-Voters.pdf
Morning Consult,2025-11-10,2025-11-16,19675.0,rv,44.0,43.0,1.0,https://pro.morningconsult.com/trackers/2026-midterm-elections-tracker-generic-ballot#11-16-2025
The Winston Group,2025-11-15,2025-11-17,1000.0,rv,47.0,42.0,5.0,https://www.winningtheissues.org/wp-content/uploads/2026/01/November-2025-WTI-Survey.pdf
Ipsos,2025-11-14,2025-11-17,,,38.0,36.0,2.0,https://www.reuters.com/data/which-party-do-americans-want-run-congress-2025-11-05#11-17-2025
YouGov,2025-11-15,2025-11-17,1549.0,a,38.0,35.0,3.0,https://d3nkl3psvxxpe9.cloudfront.net/documents/econtoplines_Wnui9DE.pdf
Echelon Insights,2025-11-13,2025-11-17,1051.0,lv,49.0,45.0,4.0,https://echelonin.wpenginepowered.com/wp-content/uploads/November-2025-Voter-Omnibus-Topline-External.pdf
The Argument/Verasight,2025-11-10,2025-11-17,,lv,53.8,46.2,7.599999999999994,https://www.theargumentmag.com/p/2026-is-looking-terrible-for-republicans
The Argument/Verasight,2025-11-10,2025-11-17,1508.0,rv,53.0,47.0,6.0,https://www.theargumentmag.com/p/2026-is-looking-terrible-for-republicans
YouGov,2025-11-15,2025-11-17,1382.0,rv,43.0,40.0,3.0,https://d3nkl3psvxxpe9.cloudfront.net/documents/econtoplines_Wnui9DE.pdf
J.L. Partners,2025-11-19,2025-11-20,797.0,lv,50.0,46.0,4.0,https://jlpartners.com/nov25-rv
Morning Consult,2025-11-21,2025-11-23,2200.0,rv,45.0,43.0,2.0,https://pro.morningconsult.com/trackers/donald-trump-congress-policy-republicans-polling#11-23-2025
Morning Consult,2025-11-17,2025-11-23,19675.0,rv,44.0,42.0,2.0,https://pro.morningconsult.com/trackers/2026-midterm-elections-tracker-generic-ballot#11-23-2025
YouGov,2025-11-20,2025-11-24,1131.0,rv,43.0,40.0,3.0,https://www.yahoo.com/news/politics/article/poll-by-a-2-to-1-margin-americans-say-trump-has-done-more-to-raise-prices-than-lower-them-183908373.html
McLaughlin & Associates,2025-11-17,2025-11-24,1000.0,lv,45.0,44.0,1.0,https://mclaughlinonline.com/pols/wp-content/uploads/2025/11/National-November-Presentation-RELEASE-11-25-25-1.pdf
YouGov,2025-11-21,2025-11-24,1511.0,rv,44.0,39.0,5.0,https://d3nkl3psvxxpe9.cloudfront.net/documents/econtoplines_t1cr1bJ.pdf
YouGov,2025-11-21,2025-11-24,1677.0,a,39.0,32.0,7.0,https://d3nkl3psvxxpe9.cloudfront.net/documents/econtoplines_t1cr1bJ.pdf
GBAO Strategies,2025-11-19,2025-11-26,2000.0,rv,48.0,42.0,6.0,https://www.thirdway.org/memo/food-medicine-fuel-for-a-wave
Morning Consult,2025-11-24,2025-11-30,21658.0,rv,44.0,42.0,2.0,https://pro.morningconsult.com/trackers/2026-midterm-elections-tracker-generic-ballot#11-30-2025
Big Data Poll,2025-11-28,2025-12-01,2008.0,rv,44.0,42.0,2.0,https://www.bigdatapoll.com/blog/trumps-third-world-immigration-moratorium-widely-popular/
Big Data Poll,2025-11-28,2025-12-01,1788.0,lv,46.0,43.0,3.0,https://www.bigdatapoll.com/blog/trumps-third-world-immigration-moratorium-widely-popular/
YouGov,2025-11-28,2025-12-01,1628.0,a,39.0,33.0,6.0,https://d3nkl3psvxxpe9.cloudfront.net/documents/econtoplines_neyUICe.pdf
YouGov,2025-11-28,2025-12-01,1456.0,rv,45.0,39.0,6.0,https://d3nkl3psvxxpe9.cloudfront.net/documents/econtoplines_neyUICe.pdf
RMG Research,2025-12-01,2025-12-04,2000.0,rv,44.0,48.0,-4.0,https://napolitannews.org/posts/generic-ballot-gop-45-percent-dem-41#12-04-2025
Quantus Insights,2025-12-04,2025-12-05,1000.0,rv,44.0,40.0,4.0,https://drive.google.com/file/d/1cOyOMwoFoYuvZtAYFAuO1M9FIK7xenv7/view
Morning Consult,2025-12-01,2025-12-07,21658.0,rv,44.0,43.0,1.0,https://pro.morningconsult.com/trackers/2026-midterm-election-generic-ballot-polls#12-07-2025
Morning Consult,2025-12-05,2025-12-07,2201.0,rv,46.0,43.0,3.0,https://pro.morningconsult.com/trackers/donald-trump-congress-policy-republicans-polling#12-07-2025
Cygnal,2025-12-05,2025-12-07,1500.0,lv,48.0,44.1,3.8999999999999986,https://www.cygn.al/wp-content/uploads/2025/12/23448-Cygnal-National-Dec25-NVT-Deck-Public.pdf
YouGov,2025-12-05,2025-12-08,1530.0,a,37.0,32.0,5.0,https://d3nkl3psvxxpe9.cloudfront.net/documents/econtoplines_IoqnUWW.pdf
YouGov,2025-12-05,2025-12-08,1380.0,rv,42.0,37.0,5.0,https://d3nkl3psvxxpe9.cloudfront.net/documents/econtoplines_IoqnUWW.pdf
Ipsos,2025-12-03,2025-12-08,3521.0,rv,40.0,39.0,1.0,https://www.reuters.com/data/which-party-do-americans-want-run-congress-2025-11-05#12-08-2025
Hart Research Associates/Public Opinion Strategies,2025-12-04,2025-12-08,800.0,rv,50.0,46.0,4.0,https://fm.cnbc.com/applications/cnbc.com/resources/editorialfiles/2025/12/16/TOPLINES_250313_CNBC_AAES_Q4_2025_new.pdf
Grayhouse,2025-12-06,2025-12-08,2058.0,rv,45.0,41.0,4.0,https://cdn.prod.website-files.com/5d02aaade6188137a65c8441/69407765111c88bd09a7f919_Senate%20Healthcare%20Polling%20Deck.pdf
Clarity Campaign Labs,2025-12-04,2025-12-11,1000.0,lv,49.0,44.0,5.0,https://www.claritycampaigns.com/clarity-omnibus-dec-2025
The Argument/Verasight,2025-12-05,2025-12-11,,lv,52.4,47.6,4.799999999999997,https://www.theargumentmag.com/p/have-democrats-lost-their-education
The Argument/Verasight,2025-12-05,2025-12-11,1521.0,rv,50.6,49.4,1.2000000000000028,https://www.theargumentmag.com/p/have-democrats-lost-their-education
Big Data Poll,2025-12-10,2025-12-12,3004.0,rv,44.1,40.6,3.5,https://application.marketsight.com/app/ItemView.aspx?SharedFor=public%40bigdatapoll.com&SharedBy=34090&id=d44d9751-22bd-489a-a372-b3b3002c437f
Morning Consult,2025-12-08,2025-12-14,19954.0,rv,44.0,43.0,1.0,https://pro.morningconsult.com/trackers/2026-midterm-election-generic-ballot-polls#12-14-2025
YouGov,2025-12-12,2025-12-15,1632.0,a,37.0,33.0,4.0,https://d3nkl3psvxxpe9.cloudfront.net/documents/econtoplines_Z19KY8S.pdf
Quinnipiac University,2025-12-11,2025-12-15,1035.0,rv,47.0,43.0,4.0,https://poll.qu.edu/images/polling/us/us12172025_ugli25.pdf
Morning Consult,2025-12-12,2025-12-15,2201.0,rv,45.0,44.0,1.0,https://pro.morningconsult.com/trackers/donald-trump-congress-policy-republicans-polling#12-15-2025
Echelon Insights,2025-12-11,2025-12-15,1011.0,lv,48.0,45.0,3.0,https://echelonin.wpenginepowered.com/wp-content/uploads/December-2025-Omnibus-Topline-External.pdf
YouGov,2025-12-12,2025-12-15,1453.0,rv,43.0,39.0,4.0,https://d3nkl3psvxxpe9.cloudfront.net/documents/econtoplines_Z19KY8S.pdf
Quantus Insights,2025-12-15,2025-12-16,1000.0,lv,43.0,41.0,2.0,https://drive.google.com/file/d/14uRV2kwTVNEO4EIXGv7TCQZtmlMK0owX/view
Echelon Insights/GBAO,2025-12-09,2025-12-16,2023.0,lv,47.0,43.0,4.0,https://www.aarp.org/content/dam/aarp/research/topics/work-finances-retirement/financial-security-retirement/shes-the-difference-financial-security-annotated-questionnaire.doi.10.26419-2fres.01033.002.pdf
"Fabrizio, Lee & Associates",2025-12-15,2025-12-17,1000.0,rv,45.0,38.0,7.0,https://www.politico.com/newsletters/playbook/2025/12/22/cbs-controversial-call-00702480
AtlasIntel,2025-12-15,2025-12-19,2315.0,a,54.4,38.4,16.0,https://cdn.atlasintel.org/b04a7568-81b3-478f-a785-d5e5902941d4.pdf?_gl=1*1fyq2oz*_ga*MTM0MTUwMDU0My4xNzY2MTk1NTU4*_ga_W78QD5CNP1*czE3NjYxOTU1NTckbzEkZzAkdDE3NjYxOTU5MzckajYwJGwwJGgw
McLaughlin & Associates,2025-12-12,2025-12-19,1000.0,lv,46.0,45.0,1.0,https://mclaughlinonline.com/pols/wp-content/uploads/2025/12/National-December-Presentation-Release-12-19-25.pdf
Morning Consult,2025-12-15,2025-12-21,20240.0,rv,45.0,42.0,3.0,https://pro.morningconsult.com/trackers/2026-midterm-election-generic-ballot-polls#12-21-2025
YouGov,2025-12-20,2025-12-22,1592.0,a,38.0,34.0,4.0,https://d3nkl3psvxxpe9.cloudfront.net/documents/econtoplines_s4jyXBa.pdf
YouGov,2025-12-20,2025-12-22,1425.0,rv,43.0,40.0,3.0,https://d3nkl3psvxxpe9.cloudfront.net/documents/econtoplines_s4jyXBa.pdf
Big Data Poll,2025-12-26,2025-12-28,3412.0,lv,47.9,44.4,3.5,https://www.bigdatapoll.com/blog/trump-improves-democrats-lead-generic-ballot-in-final-poll-for-2025/
YouGov,2025-12-26,2025-12-29,1550.0,a,36.0,31.0,5.0,https://d3nkl3psvxxpe9.cloudfront.net/documents/econTabReport_h1aYmmb.pdf
YouGov,2025-12-26,2025-12-29,1420.0,rv,42.0,38.0,4.0,https://d3nkl3psvxxpe9.cloudfront.net/documents/econTabReport_h1aYmmb.pdf
The Bullfinch Group,2025-12-30,2026-01-03,1000.0,rv,44.0,33.0,11.0,https://cdn.prod.website-files.com/68d1c32ec01e1d1f6a86e801/6957e70d6a2531a1b867adaa_ICV%202026%20Nationwide%20250th%20Study%20Toplines%20-%20FINAL.pdf
The Bullfinch Group,2025-12-30,2026-01-03,1200.0,a,40.0,30.0,10.0,https://cdn.prod.website-files.com/68d1c32ec01e1d1f6a86e801/6957e70d6a2531a1b867adaa_ICV%202026%20Nationwide%20250th%20Study%20Toplines%20-%20FINAL.pdf
Morning Consult,2025-12-29,2026-01-04,22709.0,rv,44.0,42.0,2.0,https://pro.morningconsult.com/trackers/2026-midterm-election-generic-ballot-polls#01-04-2026
Morning Consult,2026-01-02,2026-01-04,2201.0,rv,45.0,42.0,3.0,https://pro.morningconsult.com/trackers/donald-trump-congress-policy-republicans-polling#01-04-2026
YouGov,2026-01-02,2026-01-05,1551.0,a,39.0,32.0,7.0,https://d3nkl3psvxxpe9.cloudfront.net/documents/econtoplines_EO7XvNO.pdf
YouGov,2026-01-02,2026-01-05,1389.0,rv,45.0,39.0,6.0,https://d3nkl3psvxxpe9.cloudfront.net/documents/econtoplines_EO7XvNO.pdf
RMG Research,2026-01-05,2026-01-08,2000.0,rv,47.0,46.0,1.0,https://napolitannews.org/posts/generic-ballot-gop-43-percent-dem-44#01-08-2026
Rasmussen Reports,2026-01-07,2026-01-08,2273.0,lv,47.0,41.0,6.0,https://data.ddhq.io/polls/2026/01/19/Rasmussen-Reports-National
Cygnal,2026-01-07,2026-01-08,1500.0,lv,48.0,45.0,3.0,https://www.cygn.al/wp-content/uploads/2026/01/23520-Cygnal-National-Jan26-NVT-Deck-Public.pptx
Morning Consult,2026-01-05,2026-01-11,19675.0,rv,45.0,43.0,2.0,https://pro.morningconsult.com/trackers/2026-midterm-election-generic-ballot-polls#01-11-2026
CNN/SSRS,2026-01-09,2026-01-12,968.0,rv,46.0,41.0,5.0,https://s3.documentcloud.org/documents/26491962/cnn-poll-conducted-by-ssrs-2026-midterms-congress.pdf
The Winston Group,2026-01-08,2026-01-12,1000.0,rv,46.0,43.0,3.0,https://www.winningtheissues.org/wp-content/uploads/2026/01/January-2026-WTI-Survey.pdf
YouGov,2026-01-08,2026-01-12,1148.0,rv,45.0,40.0,5.0,https://www.scribd.com/document/980617250/Yahoo-YouGov-ICE-Poll-January-2026
YouGov,2026-01-09,2026-01-12,1437.0,rv,44.0,40.0,4.0,https://d3nkl3psvxxpe9.cloudfront.net/documents/econtoplines_YpmxDW2.pdf
YouGov,2026-01-09,2026-01-12,1602.0,a,39.0,33.0,6.0,https://d3nkl3psvxxpe9.cloudfront.net/documents/econtoplines_YpmxDW2.pdf
Morning Consult,2026-01-09,2026-01-12,2201.0,rv,46.0,43.0,3.0,https://pro.morningconsult.com/trackers/donald-trump-congress-policy-republicans-polling#01-12-2026
Ipsos,2026-01-12,2026-01-13,941.0,rv,40.0,38.0,2.0,https://www.reuters.com/data/which-party-do-americans-want-run-congress-2025-11-05
Impact Research/National Research,2026-01-08,2026-01-13,1500.0,rv,47.0,43.0,4.0,https://www.wsj.com/politics/elections/trump-approval-rating-economy-poll-b3a62e57
Ipsos,2026-01-12,2026-01-13,1217.0,a,35.0,32.0,3.0,https://www.reuters.com/data/which-party-do-americans-want-run-congress-2025-11-05
Public Policy Polling,2026-01-13,2026-01-14,597.0,rv,50.0,42.0,8.0,https://drive.google.com/file/d/1iHoieThBdqtE4vH3gDLGzOI334wGWU6_/view
Research Co.,2026-01-13,2026-01-15,1002.0,a,42.0,36.0,6.0,https://researchco.ca/2026/01/26/amendment
The New York Times/Siena College,2026-01-12,2026-01-17,1625.0,rv,48.0,43.0,5.0,https://www.nytimes.com/interactive/2026/01/22/polls/times-siena-national-poll-crosstabs.html
Morning Consult,2026-01-16,2026-01-18,2201.0,rv,45.0,43.0,2.0,https://pro.morningconsult.com/trackers/donald-trump-congress-policy-republicans-polling#01-18-2026
Morning Consult,2026-01-12,2026-01-18,12505.0,rv,44.0,42.0,2.0,https://pro.morningconsult.com/trackers/2026-midterm-election-generic-ballot-polls#01-18-2026
Emerson College,2026-01-17,2026-01-19,1000.0,lv,48.1,41.7,6.399999999999999,https://docs.google.com/spreadsheets/d/1JN0akF_-HHyL8gVAeNm-y7r4cmyJqRsB/edit?rtpof=true&sd=true&gid=1734735931#gid=1734735931
YouGov,2026-01-16,2026-01-19,1549.0,rv,43.0,39.0,4.0,https://d3nkl3psvxxpe9.cloudfront.net/documents/econtoplines_ZEHeJBk.pdf
YouGov,2026-01-16,2026-01-19,1722.0,a,39.0,34.0,5.0,https://d3nkl3psvxxpe9.cloudfront.net/documents/econtoplines_ZEHeJBk.pdf
Verasight,2026-01-14,2026-01-20,,rv,51.0,43.0,8.0,https://www.gelliottmorris.com/p/new-poll-trump-slips-on-immigration
KFF,2026-01-13,2026-01-20,1141.0,rv,49.0,42.0,7.0,https://files.kff.org/attachment/topline-kff-health-tracking-poll-jan-2026.pdf
Clarity Campaign Labs,2026-01-15,2026-01-22,1147.0,lv,51.0,42.0,9.0,https://www.claritycampaigns.com/clarity-omnibus-jan-2026
Quantus Insights,2026-01-20,2026-01-22,1000.0,rv,47.2,40.7,6.5,https://v0-quantus-insights-website.vercel.app/polls/2601412-weighted-ziw7630t?tab=toplines
Big Data Poll,2026-01-22,2026-01-24,2909.0,lv,48.2,44.2,4.0,https://application.marketsight.com/app/ItemView.aspx?SharedFor=public%40bigdatapoll.com&SharedBy=34090&id=db25fc38-d7a5-46cb-a95b-b3e0000b58b4
Morning Consult,2026-01-19,2026-01-25,12505.0,rv,44.0,43.0,1.0,https://pro.morningconsult.com/trackers/2026-midterm-election-generic-ballot-polls#01-25-2026
Ipsos,2026-01-23,2026-01-25,906.0,rv,41.0,37.0,4.0,https://www.reuters.com/data/trumps-approval-rating-2025-01-21
Morning Consult,2026-01-23,2026-01-25,2201.0,rv,45.0,43.0,2.0,https://pro.morningconsult.com/trackers/donald-trump-congress-policy-republicans-polling#01-25-2026
YouGov,2026-01-23,2026-01-26,1520.0,rv,43.0,38.0,5.0,https://d3nkl3psvxxpe9.cloudfront.net/documents/econTabReport_8FWGyNz.pdf#page=83
YouGov,2026-01-23,2026-01-26,1684.0,a,38.0,35.0,3.0,https://d3nkl3psvxxpe9.cloudfront.net/documents/econTabReport_8FWGyNz.pdf#page=83
Beacon Research/Shaw & Co. Research,2026-01-23,2026-01-26,1005.0,rv,52.0,46.0,6.0,https://static.foxnews.com/foxnews.com/content/uploads/2026/01/fox_january-23-26_national_topline_january-28-release.pdf
Focaldata,2026-01-23,2026-01-26,2037.0,a,39.0,35.0,4.0,https://www.focaldata.com/blog/cost-of-living-fuelling-democrat-strength-in-new-midterms-polling
Echelon Insights,2026-01-22,2026-01-26,1029.0,lv,49.0,44.0,5.0,https://echelonin.wpenginepowered.com/wp-content/uploads/January-2026-Voter-Omnibus-Topline.pdf
The Argument/Verasight,2026-01-26,2026-01-27,,lv,55.0,45.0,10.0,https://www.theargumentmag.com/p/immigration-is-turning-into-a-disaster
The Argument/Verasight,2026-01-26,2026-01-27,1515.0,rv,52.0,48.0,4.0,https://www.theargumentmag.com/p/immigration-is-turning-into-a-disaster
McLaughlin & Associates,2026-01-21,2026-01-27,1000.0,lv,46.0,44.0,2.0,https://mclaughlinonline.com/pols/wp-content/uploads/2026/02/National-January-2026-Presentation-RELEASE-1-1.pdf
Cygnal,2026-01-27,2026-01-28,1004.0,lv,48.0,44.0,4.0,https://www.cygn.al/wp-content/uploads/2026/02/Cygnal-Deportation-Poll-Data.pdf
Marquette University Law School,2026-01-21,2026-01-28,1003.0,a,45.0,39.0,6.0,https://law.marquette.edu/assets/community/poll/MLSPSC30/MLSPSC30Crosstabs_NationalIssues.html
Marquette University Law School,2026-01-21,2026-01-28,869.0,rv,48.0,44.0,4.0,https://law.marquette.edu/assets/community/poll/MLSPSC30/MLSPSC30Crosstabs_NationalIssues.html
Marquette University Law School,2026-01-21,2026-01-28,577.0,lv,52.0,45.0,7.0,https://law.marquette.edu/assets/community/poll/MLSPSC30/MLSPSC30Crosstabs_NationalIssues.html
HarrisX/Harris Poll,2026-01-28,2026-01-29,2000.0,lv,52.0,48.0,4.0,https://harvardharrispoll.com/wp-content/uploads/2026/02/HHP_Jan2026_KeyResults.pdf
TIPP Insights,2026-01-27,2026-01-29,1126.0,rv,45.0,42.0,3.0,https://issuesinsights.com/2026/02/16/who-leads-in-2028-presidential-race-and-in-2026-midterm-elections-ii-tipp-poll
Public Policy Polling,2026-01-29,2026-01-30,652.0,rv,48.0,41.0,7.0,https://e1.nmcdn.io/assets/ppp/wp-content/uploads/2026/01/January2026NationalSurvey.pdf
Morning Consult,2026-01-30,2026-02-01,2201.0,rv,47.0,42.0,5.0,https://pro.morningconsult.com/trackers/donald-trump-congress-policy-republicans-polling#02-01-2026
Morning Consult,2026-01-26,2026-02-01,12505.0,rv,44.0,42.0,2.0,https://pro.morningconsult.com/trackers/2026-midterm-election-generic-ballot-polls#02-01-2026
YouGov,2026-01-30,2026-02-02,1672.0,a,36.0,34.0,2.0,https://d3nkl3psvxxpe9.cloudfront.net/documents/econTabReport_DDIQ8jz.pdf
YouGov,2026-01-30,2026-02-02,1504.0,rv,44.0,40.0,4.0,https://d3nkl3psvxxpe9.cloudfront.net/documents/econTabReport_DDIQ8jz.pdf
Cygnal,2026-02-03,2026-02-04,1500.0,lv,48.0,44.0,4.0,https://www.cygn.al/wp-content/uploads/2026/02/23572-Cygnal-National-NVT-Feb26-Deck-Public.pdf
John Zogby Strategies,2026-02-04,2026-02-05,1000.0,lv,47.0,42.0,5.0,https://johnzogbystrategies.com/democrats-lead-republicans-47-42-in-congressional-generic-poll
Morning Consult,2026-02-02,2026-02-08,29303.0,rv,45.0,42.0,3.0,https://pro.morningconsult.com/trackers/2026-midterm-election-generic-ballot-polls#02-08-2026
YouGov,2026-02-06,2026-02-09,1551.0,rv,44.0,38.0,6.0,https://d3nkl3psvxxpe9.cloudfront.net/documents/econTabReport_vNnwPx2.pdf
YouGov,2026-02-06,2026-02-09,1730.0,a,39.0,31.0,8.0,https://d3nkl3psvxxpe9.cloudfront.net/documents/econTabReport_vNnwPx2.pdf
Morning Consult,2026-02-06,2026-02-09,2200.0,rv,45.0,41.0,4.0,https://pro.morningconsult.com/trackers/donald-trump-congress-policy-republicans-polling#02-09-2026
Focaldata,2026-02-10,2026-02-10,,lv,51.0,44.0,7.0,https://www.focaldata.com/blog/cost-of-living-fuelling-democrat-strength-in-new-midterms-polling
Focaldata,2026-02-10,2026-02-10,,rv,46.0,42.0,4.0,https://www.focaldata.com/blog/cost-of-living-fuelling-democrat-strength-in-new-midterms-polling
Focaldata,2026-02-10,2026-02-10,1148.0,a,42.0,38.0,4.0,https://www.focaldata.com/blog/cost-of-living-fuelling-democrat-strength-in-new-midterms-polling
The Argument/Verasight,2026-02-04,2026-02-10,3003.0,rv,53.0,47.0,6.0,https://www.theargumentmag.com/p/the-trans-rights-backlash-is-real
The Argument/Verasight,2026-02-04,2026-02-10,,lv,53.0,47.0,6.0,https://www.theargumentmag.com/p/the-trans-rights-backlash-is-real
YouGov,2026-02-09,2026-02-12,1149.0,rv,44.0,41.0,3.0,https://www.yahoo.com/news/politics/article/poll-trumps-approval-rating-hits-new-low-as-immigration-backlash-grows-and-ice-withdraws-from-minnesota-204723473.html
RMG Research,2026-02-09,2026-02-12,2000.0,rv,45.0,47.0,-2.0,https://napolitannews.org/posts/generic-ballot-gop-44-percent-dem-41-but-dems-more-enthusiastic#02-12-2026
Quantus Insights,2026-02-12,2026-02-13,1515.0,lv,48.0,42.0,6.0,https://drive.google.com/file/d/1oJf00_QCTUCxMvNoNnRMRKj97lQ5S5pP/view
Morning Consult,2026-02-09,2026-02-15,12505.0,rv,45.0,42.0,3.0,https://pro.morningconsult.com/trackers/2026-midterm-election-generic-ballot-polls#02-15-2026
YouGov,2026-02-13,2026-02-16,1682.0,a,39.0,33.0,6.0,https://d3nkl3psvxxpe9.cloudfront.net/documents/econTabReport_usZL1Jt.pdf
YouGov,2026-02-13,2026-02-16,1509.0,rv,47.0,40.0,7.0,https://d3nkl3psvxxpe9.cloudfront.net/documents/econTabReport_usZL1Jt.pdf
Ipsos,2026-02-13,2026-02-16,846.0,rv,41.0,37.0,4.0,https://www.reuters.com/world/us/trumps-immigration-approval-hits-new-low-according-reutersipsos-poll-2026-02-17
Ipsos,2026-02-13,2026-02-16,1117.0,a,36.0,32.0,4.0,https://www.reuters.com/world/us/trumps-immigration-approval-hits-new-low-according-reutersipsos-poll-2026-02-17
Ipsos,2026-02-12,2026-02-17,2087.0,rv,47.0,45.0,2.0,https://www.washingtonpost.com/politics/2026/02/25/poll-democrats-trump-republicans-midterms
Big Data Poll,2026-02-16,2026-02-18,1805.0,lv,50.0,41.3,8.700000000000003,https://application.marketsight.com/app/ItemView.aspx?SharedFor=public%40bigdatapoll.com&SharedBy=34090&id=85c98324-ccc5-43dc-93e6-b3f60172d1fe
Bowling Green State University/YouGov,2026-02-13,2026-02-18,1200.0,rv,49.0,41.0,8.0,https://scholarworks.bgsu.edu/cgi/viewcontent.cgi?article=1017&context=depo
Change Research,2026-02-05,2026-02-18,1741.0,rv,43.0,40.0,3.0,https://portal.changeresearch.com/portal/projects/9c8a3c8a-70c6-47f8-80bf-596426bc3318
Big Data Poll,2026-02-16,2026-02-18,2012.0,rv,48.2,40.0,8.200000000000003,https://application.marketsight.com/app/ItemView.aspx?SharedFor=public%40bigdatapoll.com&SharedBy=34090&id=85c98324-ccc5-43dc-93e6-b3f60172d1fe
Talker Research,2026-02-13,2026-02-19,1000.0,a,42.0,36.0,6.0,https://www.scrippsnews.com/politics/scripps-news-talker-research-poll-high-interest-in-state-of-the-union-amid-economic-worries
Verasight,2026-02-18,2026-02-20,1566.0,a,50.0,40.0,10.0,https://www.gelliottmorris.com/p/ahead-of-state-of-the-union-address
Verasight,2026-02-18,2026-02-20,1401.0,rv,52.0,42.0,10.0,https://www.gelliottmorris.com/p/ahead-of-state-of-the-union-address
Emerson College,2026-02-21,2026-02-22,1000.0,lv,50.4,42.4,8.0,https://docs.google.com/spreadsheets/d/1SS_Vfa-SArcPFS60SmvpIB-kd_sakjcX/edit?rtpof=true&sd=true
Morning Consult,2026-02-16,2026-02-22,26087.0,rv,45.0,42.0,3.0,https://pro.morningconsult.com/trackers/2026-midterm-election-generic-ballot-polls#02-22-2026
Morning Consult,2026-02-20,2026-02-22,2202.0,rv,46.0,42.0,4.0,https://pro.morningconsult.com/trackers/donald-trump-congress-policy-republicans-polling#02-22-2026
Pennsylvania State University McCourtney Institute for Democracy/YouGov,2026-02-18,2026-02-23,824.0,rv,42.0,37.0,5.0,https://democracy.psu.edu/wp-content/uploads/sites/14/2026/03/MOTN-GenericBallotFeb2026.pdf
Grayhouse,2026-02-20,2026-02-23,1394.0,rv,43.0,40.0,3.0,https://cdn.prod.website-files.com/5d02aaade6188137a65c8441/69a9b8dd9009aa1372749a66_Iran%20and%20Affordability%20Deck_0305.pdf
Ipsos,2026-02-18,2026-02-23,3686.0,rv,40.0,38.0,2.0,https://www.ipsos.com/sites/default/files/ct/news/documents/2026-03/Reuters%20Ipsos%20Large%20Issue%20Topline%20Feb%202026.pdf
Ipsos,2026-02-18,2026-02-23,4638.0,a,35.0,32.0,3.0,https://www.ipsos.com/sites/default/files/ct/news/documents/2026-03/Reuters%20Ipsos%20Large%20Issue%20Topline%20Feb%202026.pdf
Ipsos,2026-02-18,2026-02-23,3686.0,rv,40.0,38.0,2.0,https://www.reuters.com/world/us/most-americans-say-trump-is-growing-erratic-with-age-reutersipsos-poll-finds-2026-02-24
YouGov,2026-02-20,2026-02-23,1402.0,rv,45.0,41.0,4.0,https://yougov.com/en-us/articles/54156-two-thirds-independents-disapprove-donald-trump-job-performance-february-20-23-2026-economist-yougov-poll
YouGov,2026-02-20,2026-02-23,1551.0,a,39.0,34.0,5.0,https://yougov.com/en-us/articles/54156-two-thirds-independents-disapprove-donald-trump-job-performance-february-20-23-2026-economist-yougov-poll
YouGov,2026-02-20,2026-02-23,1402.0,rv,45.0,41.0,4.0,https://yougov.com/en-us/articles/54156-two-thirds-independents-disapprove-donald-trump-job-performance-february-20-23-2026-economist-yougov-poll
Echelon Insights,2026-02-19,2026-02-23,1002.0,lv,50.0,46.0,4.0,https://docs.google.com/spreadsheets/d/1m0IKbqTOxjH_xFQu7I8JTQeIqildMiyY/edit?rtpof=true&sd=true
Cygnal,2026-02-24,2026-02-26,1048.0,lv,48.0,45.0,3.0,https://act.americanprinciplesproject.org/p/protect-kids-online/results?access=press
HarrisX/Harris,2026-02-25,2026-02-26,,lv,50.0,50.0,0.0,https://harvardharrispoll.com/wp-content/uploads/2026/03/HHP_Feb2026_KeyResults_Mon.pdf
HarrisX/Harris,2026-02-25,2026-02-26,1999.0,rv,50.0,50.0,0.0,https://harvardharrispoll.com/wp-content/uploads/2026/03/HHP_Feb2026_KeyResults_Mon.pdf
TIPP Insights,2026-02-24,2026-02-27,1264.0,rv,46.0,44.0,2.0,https://tippinsights.com/americas-stalemate
YouGov,2026-02-25,2026-02-27,1523.0,rv,45.0,40.0,5.0,https://assets1.cbsnewsstatic.com/hub/cms/prod_cms_alt/file/2026/03/02/19e472d6-ce4d-4193-b4cc-0e5086fb97f7/cbsnews_20260301_parties-tues.pdf
The Public Sentiment Institute,2026-02-28,2026-02-28,249.0,lv,50.0,41.0,9.0,https://docs.google.com/spreadsheets/d/1m40rnoHyDTHRmVYF9mYbAjKrriNucbiqzlIO_4nAq_w/edit?gid=1327702577#gid=1327702577
The Public Sentiment Institute,2026-02-28,2026-02-28,316.0,rv,41.0,33.0,8.0,https://docs.google.com/spreadsheets/d/1m40rnoHyDTHRmVYF9mYbAjKrriNucbiqzlIO_4nAq_w/edit?gid=1327702577#gid=1327702577
YouGov,2026-02-27,2026-03-02,1366.0,rv,45.0,41.0,4.0,https://d3nkl3psvxxpe9.cloudfront.net/documents/econTabReport_ubu5DXD.pdf#page=62
YouGov,2026-02-27,2026-03-02,1515.0,a,40.0,33.0,7.0,https://d3nkl3psvxxpe9.cloudfront.net/documents/econTabReport_ubu5DXD.pdf#page=62
Quantus Insights,2026-03-02,2026-03-03,1624.0,lv,48.0,42.0,6.0,https://docs.google.com/spreadsheets/d/1XX2nY6R87uXlb0Ii-pcL9gFyM284UKRf/edit?gid=1938592910#gid=1938592910
Hart Research Associates/Public Opinion Strategies,2026-02-27,2026-03-03,1000.0,rv,50.0,44.0,6.0,https://s3.documentcloud.org/documents/27777984/nbc-news-march-2026-poll-03-08-2024-release-final.pdf
Marist University,2026-03-02,2026-03-04,1392.0,rv,53.0,44.0,9.0,https://maristpoll.marist.edu/wp-content/uploads/2026/03/NPR_PBS-News_Marist-Poll_USA-NOS-and-Tables_202603091024.pdf
Cygnal,2026-03-03,2026-03-04,1500.0,lv,49.0,45.0,4.0,https://www.cygn.al/wp-content/uploads/2026/03/23673-Cygnal-National-Mar26-NVT-Deck-Public.pdf
RMG Research,2026-03-02,2026-03-05,2000.0,rv,46.0,46.0,0.0,https://napolitannews.org/posts/generic-ballot-dem-44-percent-gop-43-dems-also-more-enthusiastic
Noble Predictive Insights,2026-03-02,2026-03-05,2659.0,rv,44.0,43.0,1.0,https://www.thecentersquare.com/national/article_c3795c17-be14-4566-a625-eb38b4ffc1bf.html
Clarity Campaign Labs,2026-02-26,2026-03-07,1004.0,lv,47.0,43.0,4.0,https://www.claritycampaigns.com/clarity-omnibus-2026-mar
Morning Consult,2026-03-06,2026-03-08,2202.0,rv,47.0,43.0,4.0,https://pro.morningconsult.com/trackers/donald-trump-congress-policy-republicans-polling#03-08-2026
McLaughlin & Associates,2026-03-04,2026-03-09,1000.0,lv,47.0,43.0,4.0,https://mclaughlinonline.com/pols/wp-content/uploads/2026/03/National-March-Presentation-RELEASE-03-10-26.pdf
YouGov,2026-03-06,2026-03-09,1563.0,a,40.0,36.0,4.0,https://d3nkl3psvxxpe9.cloudfront.net/documents/econTabReport_EcCnfRV.pdf#page=50
YouGov,2026-03-06,2026-03-09,1405.0,rv,45.0,42.0,3.0,https://d3nkl3psvxxpe9.cloudfront.net/documents/econTabReport_EcCnfRV.pdf#page=50
Focaldata,2026-03-06,2026-03-10,1534.0,rv,48.0,42.0,6.0,https://www.focaldata.com/blog/democrats-increase-lead-and-rubio-stock-surges-amid-iran-war
Focaldata,2026-03-06,2026-03-10,1782.0,a,45.0,39.0,6.0,https://www.focaldata.com/blog/democrats-increase-lead-and-rubio-stock-surges-amid-iran-war
Change Research,2026-03-08,2026-03-12,1540.0,rv,47.0,41.0,6.0,https://portal.changeresearch.com/portal/projects/61cdcd30-3c32-4785-9ccb-5fe82cb36389
Morning Consult,2026-03-09,2026-03-15,26634.0,rv,45.0,42.0,3.0,https://pro.morningconsult.com/trackers/2026-midterm-election-generic-ballot-polls#03-15-2026
Survey 160,2026-03-09,2026-03-15,1546.0,rv,48.0,38.0,10.0,https://www.survey160.com/methodological-research-blog/survey-160-tracking-poll-march-2026
Echelon Insights,2026-03-12,2026-03-16,1033.0,lv,49.0,44.0,5.0,https://docs.google.com/spreadsheets/d/1KWEl_e6oGvnVZFbCnbJjk9MHy9OAE0y_/edit?gid=537850620#gid=537850620
Morning Consult,2026-03-13,2026-03-16,2201.0,rv,48.0,40.0,8.0,https://pro.morningconsult.com/trackers/donald-trump-congress-policy-republicans-polling#03-16-2026
YouGov,2026-03-13,2026-03-16,1427.0,rv,43.0,41.0,2.0,https://d3nkl3psvxxpe9.cloudfront.net/documents/econTabReport_CwWXhS2.pdf#page=58
YouGov,2026-03-13,2026-03-16,1593.0,a,39.0,35.0,4.0,https://d3nkl3psvxxpe9.cloudfront.net/documents/econTabReport_CwWXhS2.pdf#page=58
Emerson College,2026-03-16,2026-03-17,1000.0,lv,49.2,41.5,7.700000000000003,https://docs.google.com/spreadsheets/d/1EfOmL-oir8Qp12WCByOuqB2fRRqtrr11/edit?rtpof=true&sd=true&gid=586600673#gid=586600673
The Argument/Verasight,2026-03-12,2026-03-17,1519.0,rv,54.0,46.0,8.0,https://substack.com/inbox/post/191802614
The Winston Group,2026-03-15,2026-03-17,1000.0,rv,49.0,40.0,9.0,https://www.winningtheissues.org/wp-content/uploads/2026/04/March-2026-Winning-the-Issues-Survey.pdf
Quantus Insights,2026-03-17,2026-03-18,1053.0,lv,47.0,42.0,5.0,https://drive.google.com/file/d/1u6X2tjztzSMI-UNX00OA-CuWAhqPcxxj/view
John Zogby Strategies,2026-03-17,2026-03-18,1000.0,lv,46.0,46.0,0.0,https://x.com/zogbystrategies/status/2036096236139245673?s=20
Ipsos,2026-03-17,2026-03-19,1545.0,a,35.0,32.0,3.0,https://www.ipsos.com/sites/default/files/ct/news/documents/2026-03/Reuters%20Ipsos%20Iran%20Poll%20March%202026%20Topline.pdf
Ipsos,2026-03-17,2026-03-19,1206.0,rv,40.0,37.0,3.0,https://www.ipsos.com/sites/default/files/ct/news/documents/2026-03/Reuters%20Ipsos%20Iran%20Poll%20March%202026%20Topline.pdf
Ipsos,2026-03-17,2026-03-19,1545.0,a,35.0,32.0,3.0,https://www.ipsos.com/sites/default/files/ct/news/documents/2026-03/Reuters%20Ipsos%20Iran%20Poll%20March%202026%20Topline.pdf
Impact Research/BSP Research,2026-03-10,2026-03-20,1000.0,lv,45.0,41.0,4.0,https://www.thirdway.org/memo/president-trumps-immigration-problem
Morning Consult,2026-03-17,2026-03-22,15029.0,a,47.0,42.0,5.0,https://www.gamblingisnotinvesting.com/morning-consult-poll-reveals-americans-concerns-with-prediction-markets
Quinnipiac University,2026-03-19,2026-03-23,1191.0,rv,51.0,40.0,11.0,https://poll.qu.edu/images/polling/us/us03252026_ueek31.pdf
Yale Youth Poll,2026-03-09,2026-03-23,3429.0,rv,46.0,44.0,2.0,https://youthpoll.yale.edu/spring-2026-results
Big Data Poll,2026-03-22,2026-03-24,3003.0,rv,48.0,40.0,8.0,https://www.bigdatapoll.com/blog/trump-disapproval-rating-hits-new-high-in-march-amid-unpopular-war/
Quantus Insights,2026-03-25,2026-03-26,1470.0,lv,47.0,41.3,5.700000000000003,https://docs.google.com/spreadsheets/d/1_Fz7pWK_RfSVQ__18QujNi-QPw5jJIqX/edit?gid=1786900467#gid=1786900467
HarrisX/Harris,2026-03-25,2026-03-26,,lv,52.0,48.0,4.0,https://x.com/IAPolls2022/status/2038696085267394990?s=20
HarrisX/Harris,2026-03-25,2026-03-26,2009.0,rv,51.0,49.0,2.0,https://x.com/IAPolls2022/status/2038692771830063336?s=20
Morning Consult,2026-03-23,2026-03-29,26725.0,rv,45.0,42.0,3.0,https://pro.morningconsult.com/trackers/2026-midterm-election-generic-ballot-polls#03-29-2026
Morning Consult,2026-03-23,2026-03-29,26725.0,rv,45.0,42.0,3.0,https://pro.morningconsult.com/trackers/2026-midterm-election-generic-ballot-polls#03-29-2026
YouGov,2026-03-27,2026-03-30,1674.0,a,39.0,33.0,6.0,https://d3nkl3psvxxpe9.cloudfront.net/documents/econTabReport_3wplfYX.pdf#page=50
CNN/SSRS,2026-03-26,2026-03-30,951.0,rv,48.0,42.0,6.0,https://embed.documentcloud.org/documents/28014525-cnn-poll-conducted-by-ssrs-2026-midterms-parties/?embed=1&responsive=1&title=1&onlyshoworg=1
YouGov,2026-03-27,2026-03-30,1502.0,rv,45.0,39.0,6.0,https://d3nkl3psvxxpe9.cloudfront.net/documents/econTabReport_3wplfYX.pdf#page=50
University of Massachusetts Lowell Center for Public Opinion/YouGov,2026-03-26,2026-03-30,1000.0,a,38.0,35.0,3.0,https://www.uml.edu/docs/2026-Nat-Pol-March-Topline_tcm18-417813.pdf
Cygnal,2026-04-02,2026-04-03,1500.0,lv,49.0,43.0,6.0,https://www.cygn.al/wp-content/uploads/2026/04/23738-Cygnal-National-Apr26-NVT-Deck-Public.pdf
Morning Consult,2026-03-30,2026-04-05,12505.0,rv,45.0,42.0,3.0,https://pro.morningconsult.com/trackers/2026-midterm-election-generic-ballot-polls#04-05-2026
YouGov,2026-04-03,2026-04-06,1558.0,rv,44.0,42.0,2.0,https://d3nkl3psvxxpe9.cloudfront.net/documents/econTabReport_SVRZJH8.pdf#page=30
YouGov,2026-04-03,2026-04-06,1745.0,a,38.0,36.0,2.0,https://d3nkl3psvxxpe9.cloudfront.net/documents/econTabReport_SVRZJH8.pdf#page=30
Morning Consult,2026-04-03,2026-04-06,2200.0,rv,45.0,42.0,3.0,https://pro.morningconsult.com/trackers/donald-trump-congress-policy-republicans-polling#04-06-2026
Change Research,2026-04-03,2026-04-07,2702.0,rv,47.0,42.0,5.0,https://portal.changeresearch.com/portal/projects/25b5e88c-5e8c-4f1b-9d0e-340163792181
RMG Research,2026-04-06,2026-04-09,2000.0,rv,49.0,44.0,5.0,https://napolitannews.org/posts/generic-ballot-dem-45-percent-gop-42-dems-also-more-enthusiastic
Morning Consult,2026-04-06,2026-04-09,2200.0,rv,46.0,42.0,4.0,https://drive.google.com/file/d/1J-vPAS1XXmBtiDUw4rDA4p3G7jHbQ6b7/view
Echelon Insights,2026-04-03,2026-04-09,2880.0,lv,50.0,45.0,5.0,https://netchoice.org/wp-content/uploads/2026/04/NetChoice-Apr-2026-National-Antitrust-Survey-Topline.pdf
Tavern Research,2026-04-06,2026-04-09,502.0,lv,44.0,43.0,1.0,https://www.tavernresearch.com/research-and-writings/cutting-room-floor-april-10-2026
Morning Consult,2026-04-06,2026-04-12,12505.0,rv,46.0,42.0,4.0,https://pro.morningconsult.com/trackers/2026-midterm-election-generic-ballot-polls#04-12-2026
YouGov,2026-04-10,2026-04-13,1571.0,rv,45.0,40.0,5.0,https://d3nkl3psvxxpe9.cloudfront.net/documents/econTabReport_G1zNgZq.pdf#page=49
YouGov,2026-04-10,2026-04-13,1745.0,a,38.0,35.0,3.0,https://d3nkl3psvxxpe9.cloudfront.net/documents/econTabReport_G1zNgZq.pdf#page=49
Survey 160,2026-04-08,2026-04-13,1539.0,rv,47.0,37.0,10.0,https://www.survey160.com/methodological-research-blog/survey-160-tracking-poll-april-2026
Verasight,2026-04-10,2026-04-14,1514.0,a,49.0,41.0,8.0,https://www.gelliottmorris.com/p/2026-04-21-april-strength-in-numbers-verasight-poll
Verasight,2026-04-10,2026-04-14,1386.0,rv,50.0,43.0,7.0,https://www.gelliottmorris.com/p/2026-04-21-april-strength-in-numbers-verasight-poll
GBAO Strategies,2026-04-08,2026-04-15,2000.0,rv,48.0,40.0,8.0,https://www.thirdway.org/memo/the-cost-of-misplaced-priorities-trumps-coalition-frays
McLaughlin & Associates,2026-04-08,2026-04-15,1000.0,lv,47.0,43.0,4.0,https://mclaughlinonline.com/pols/wp-content/uploads/2026/04/National-April-Release-Presentation-4-16-26.pdf
Marquette University Law School,2026-04-08,2026-04-16,982.0,a,44.0,41.0,3.0,https://law.marquette.edu/assets/community/poll/MLSPSC31/MLSPSC31Crosstabs_NationalIssues.html
Marquette University Law School,2026-04-08,2026-04-16,870.0,rv,48.0,44.0,4.0,https://law.marquette.edu/assets/community/poll/MLSPSC31/MLSPSC31Crosstabs_NationalIssues.html
Marquette University Law School,2026-04-08,2026-04-16,576.0,lv,53.0,43.0,10.0,https://law.marquette.edu/assets/community/poll/MLSPSC31/MLSPSC31Crosstabs_NationalIssues.html
John Zogby Strategies,2026-04-17,2026-04-18,1001.0,lv,48.0,44.0,4.0,https://x.com/zogbystrategies/status/2047123700990767164?s=20
Morning Consult,2026-04-13,2026-04-19,27869.0,rv,45.0,42.0,3.0,https://pro.morningconsult.com/trackers/2026-midterm-election-generic-ballot-polls#04-19-2026
Hart Research Associates/Public Opinion Strategies,2026-04-15,2026-04-19,1000.0,rv,49.0,45.0,4.0,https://fm.cnbc.com/applications/cnbc.com/resources/editorialfiles/2026/04/23/Toplines_260142_CNBC_AAES_Q1_2026_Topline.pdf
KFF,2026-04-14,2026-04-19,1107.0,rv,43.0,34.0,9.0,https://www.kff.org/public-opinion/kff-health-tracking-poll-health-care-costs-and-the-midterms
Ipsos,2026-04-15,2026-04-20,3577.0,rv,41.0,38.0,3.0,https://www.ipsos.com/sites/default/files/ct/news/documents/2026-04/Reuters%20Ipsos%20Large%20Issue%20April%202026%20Topline%204.21%20Release_1.pdf
Echelon Insights,2026-04-17,2026-04-20,1012.0,lv,50.0,44.0,6.0,https://echeloninsights.com/hubfs/_Media%20for%20Insights%20Blog/April%202026%20Voter%20Omnibus%20Topline%20-%20External.pdf
Ipsos,2026-04-15,2026-04-20,3577.0,rv,41.0,38.0,3.0,https://www.reuters.com/world/us/many-americans-question-trumps-temperament-amid-iran-war-pope-spat-reutersipsos-2026-04-21
YouGov,2026-04-17,2026-04-20,1703.0,a,39.0,33.0,6.0,https://d3nkl3psvxxpe9.cloudfront.net/documents/econTabReport_I24AWdp.pdf#page=65
YouGov,2026-04-17,2026-04-20,1549.0,rv,45.0,40.0,5.0,https://d3nkl3psvxxpe9.cloudfront.net/documents/econTabReport_I24AWdp.pdf#page=65
Beacon Research/Shaw & Co. Research,2026-04-17,2026-04-20,1001.0,rv,52.0,47.0,5.0,https://static.foxnews.com/foxnews.com/content/uploads/2026/04/fox_april-17-20-2026_national_topline_april-22-release.pdf
Morning Consult,2026-04-17,2026-04-20,2203.0,rv,45.0,42.0,3.0,https://pro.morningconsult.com/trackers/donald-trump-congress-policy-republicans-polling#04-20-2026
Ipsos,2026-04-15,2026-04-20,4557.0,a,35.0,31.0,4.0,https://www.ipsos.com/sites/default/files/ct/news/documents/2026-04/Reuters%20Ipsos%20Large%20Issue%20April%202026%20Topline%204.21%20Release_1.pdf
Leger,2026-04-17,2026-04-20,1004.0,a,52.0,42.0,10.0,https://documents.leger360.com/hubfs/%C3%89tudes%20M%C3%A9diatiques/%C3%89tudes%20M%C3%A9diatiques%20-%202026/4.%20%C3%89M%20-%20Avril%202026/20260428%20-%20US%20Poll%20April%202026/US_POL_April_2026_338Canada_VF.pdf
Quantus Insights,2026-04-21,2026-04-23,1452.0,lv,47.0,42.0,5.0,https://drive.google.com/file/d/1xc5TCNWqDfyPWJbTg5Esp61oyLKRqPms/view
The Argument/Verasight,2026-04-20,2026-04-23,1000.0,lv,53.0,47.0,6.0,https://www.theargumentmag.com/p/why-democrats-cant-win-more-trump
Clarity Campaign Labs,2026-04-15,2026-04-24,1000.0,lv,50.0,45.0,5.0,https://www.claritycampaigns.com/clarity-omnibus-2026-april
Morning Consult,2026-04-20,2026-04-26,28235.0,rv,45.0,42.0,3.0,https://pro.morningconsult.com/trackers/2026-midterm-election-generic-ballot-polls#04-26-2026
HarrisX/Harris,2026-04-23,2026-04-26,,lv,50.0,50.0,0.0,https://harvardharrispoll.com/wp-content/uploads/2026/04/HHP_Apr2026_KeyResults.pdf
HarrisX/Harris,2026-04-23,2026-04-26,2745.0,rv,50.0,50.0,0.0,https://harvardharrispoll.com/wp-content/uploads/2026/04/HHP_Apr2026_KeyResults.pdf
Emerson College,2026-04-24,2026-04-26,1000.0,lv,50.3,40.2,10.099999999999994,https://docs.google.com/spreadsheets/d/1FsVoQjT-tHeejavmtPp3dWF2UpdwGBOe/edit?gid=148203681#gid=148203681
Public Opinion Strategies,2026-04-21,2026-04-27,1000.0,rv,44.0,41.0,3.0,https://www.coindesk.com/policy/2026/05/03/crypto-is-at-the-bottom-of-u-s-voters-priorities-heading-into-the-midterm-coindesk-survey-shows
Ipsos,2026-04-24,2026-04-27,1014.0,rv,41.0,37.0,4.0,https://www.ipsos.com/sites/default/files/ct/news/documents/2026-04/Reuters%20Ipsos%20Core%20Political%20April%202026%20Topline.pdf
Morning Consult,2026-04-24,2026-04-27,2201.0,rv,45.0,42.0,3.0,https://pro.morningconsult.com/trackers/donald-trump-congress-policy-republicans-polling#04-27-2026
YouGov,2026-04-24,2026-04-27,1834.0,a,39.0,34.0,5.0,https://d3nkl3psvxxpe9.cloudfront.net/documents/econTabReport_Ty7ikPd.pdf#page=52
YouGov,2026-04-24,2026-04-27,1645.0,rv,46.0,41.0,5.0,https://d3nkl3psvxxpe9.cloudfront.net/documents/econTabReport_Ty7ikPd.pdf#page=52
Ipsos,2026-04-24,2026-04-27,1269.0,a,36.0,31.0,5.0,https://www.ipsos.com/sites/default/files/ct/news/documents/2026-04/Reuters%20Ipsos%20Core%20Political%20April%202026%20Topline.pdf
Big Data Poll,2026-04-25,2026-04-28,2874.0,lv,50.4,39.4,11.0,https://www.bigdatapoll.com/blog/national-mood-worsens-for-republicans-in-april-2026-national-poll
Big Data Poll,2026-04-25,2026-04-28,3176.0,rv,47.7,37.1,10.600000000000001,https://www.bigdatapoll.com/blog/national-mood-worsens-for-republicans-in-april-2026-national-poll
Ipsos,2026-04-24,2026-04-28,2059.0,rv,49.0,44.0,5.0,https://www.washingtonpost.com/documents/f7336b89-3d59-4df1-a322-60abcf0b2477.pdf?itid=lk_inline_manual_5
Marist University,2026-04-27,2026-04-30,1155.0,rv,52.0,42.0,10.0,https://maristpoll.marist.edu/wp-content/uploads/2026/05/NPR_PBS-News_Marist-Poll_USA-NOS-and-Tables_202605011058.pdf
Morning Consult,2026-04-30,2026-05-03,2200.0,rv,46.0,43.0,3.0,https://pro.morningconsult.com/trackers/donald-trump-congress-policy-republicans-polling#05-03-2026
CNN/SSRS,2026-04-30,2026-05-04,,rv,45.0,42.0,3.0,https://www.documentcloud.org/documents/28114951-cnn-poll-conducted-by-ssrs-affordability
YouGov,2026-05-01,2026-05-04,1406.0,rv,44.0,41.0,3.0,https://d3nkl3psvxxpe9.cloudfront.net/documents/econTabReport_Zi1MEwp.pdf#page=32
YouGov,2026-05-01,2026-05-04,1570.0,a,38.0,34.0,4.0,https://d3nkl3psvxxpe9.cloudfront.net/documents/econTabReport_Zi1MEwp.pdf#page=32
Focaldata,2026-05-01,2026-05-05,3612.0,a,46.436,38.7615,7.674500000000002,https://www.focaldata.com/blog/democrats-lead-economy-focaldata-financial-times-poll
Focaldata,2026-05-01,2026-05-05,3017.0,rv,51.862,44.4652,7.396799999999999,https://www.focaldata.com/blog/democrats-lead-economy-focaldata-financial-times-poll
HarrisX,2026-04-29,2026-05-05,2359.0,rv,46.0,45.0,1.0,https://www.harrisx.com/posts/forbes-and-harrisx-partner-on-new-american-confidence-survey-as-gallup-ends-approval-polling
HarrisX,2026-04-29,2026-05-05,1891.0,lv,48.0,46.0,2.0,https://www.harrisx.com/posts/forbes-and-harrisx-partner-on-new-american-confidence-survey-as-gallup-ends-approval-polling
HarrisX,2026-04-29,2026-05-05,2569.0,a,46.0,45.0,1.0,https://www.harrisx.com/posts/forbes-and-harrisx-partner-on-new-american-confidence-survey-as-gallup-ends-approval-polling
RMG Research,2026-05-04,2026-05-06,2000.0,rv,50.0,41.0,9.0,https://napolitannews.org/posts/generic-ballot-dem-50-percent-gop-41-dems-also-more-enthusiastic
Cygnal,2026-05-05,2026-05-06,1500.0,lv,48.5,42.4,6.100000000000001,https://www.cygn.al/wp-content/uploads/2026/05/23838-Cygnal-National-May26-NVT-Deck-Public.pdf#page=42
Cygnal,2026-05-04,2026-05-07,1500.0,lv,48.0,41.0,7.0,https://conservativeenergynetwork.org/new-national-poll-americans-demand-action-on-rising-energy-costs-support-modernizing-the-grid-and-expanding-domestic-energy-production
AtlasIntel,2026-05-04,2026-05-07,2069.0,a,54.6,40.1,14.5,https://www.atlasintel.org/poll/usa-national-2026-05-11
Change Research,2026-05-05,2026-05-10,2244.0,rv,45.0,42.0,3.0,https://portal.changeresearch.com/portal/projects/07dc6ff6-bb96-4bc5-a138-90b0ab3b22db
Ipsos,2026-05-08,2026-05-11,993.0,rv,41.0,35.0,6.0,https://www.ipsos.com/sites/default/files/ct/news/documents/2026-05/Reuters%20Ipsos%20May%20Political%20Update%20Poll%20Topline.pdf
Ipsos,2026-05-08,2026-05-11,1254.0,a,36.0,31.0,5.0,https://www.ipsos.com/sites/default/files/ct/news/documents/2026-05/Reuters%20Ipsos%20May%20Political%20Update%20Poll%20Topline.pdf
YouGov,2026-05-09,2026-05-11,1408.0,rv,45.0,40.0,5.0,https://d3nkl3psvxxpe9.cloudfront.net/documents/econTabReport_ONiR6Nb.pdf#page=60
YouGov,2026-05-09,2026-05-11,1547.0,a,37.0,34.0,3.0,https://d3nkl3psvxxpe9.cloudfront.net/documents/econTabReport_ONiR6Nb.pdf#page=60
YouGov,2026-05-13,2026-05-15,1397.0,rv,45.0,40.0,5.0,https://assets1.cbsnewsstatic.com/hub/cms/prod_cms_alt/file/2026/05/19/9b11ffab-4f11-440c-aec4-cb02ac525257/cbs_20260517_rv.pdf
The New York Times/Siena University,2026-05-11,2026-05-15,1507.0,rv,49.5,39.1,10.399999999999999,https://www.nytimes.com/interactive/2026/05/18/polls/times-siena-national-poll-crosstabs.html
Morning Consult,2026-05-15,2026-05-17,2203.0,rv,47.0,41.0,6.0,https://intel.morningconsult.com/mc-content/trackers/donald-trump-congress-policy-republicans-polling#05-17-2026
Morning Consult,2026-05-11,2026-05-17,28525.0,rv,46.0,42.0,4.0,https://intel.morningconsult.com/mc-content/trackers/2026-midterm-election-generic-ballot-polls#05-17-2026
Ipsos,2026-05-15,2026-05-18,1271.0,a,35.0,31.0,4.0,https://www.ipsos.com/sites/default/files/ct/news/documents/2026-05/Reuters%20Ipsos%20Core%20Political%20May%20Topline_1.pdf
McLaughlin & Associates,2026-05-14,2026-05-18,2000.0,rv,39.0,36.0,3.0,https://www.americasnewmajorityproject.net/p/democrat-lawmakers-are-taking-positions
McLaughlin & Associates,2026-05-12,2026-05-18,1000.0,lv,46.0,42.0,4.0,https://mclaughlinonline.com/pols/wp-content/uploads/2026/05/National-May-Presentation-RELEASE-05-19-26.pdf
Impact Research/National Research,2026-05-07,2026-05-18,1500.0,rv,48.0,40.0,8.0,https://www.wsj.com/politics/policy/trump-republican-congress-control-98a13bd9
The Rainey Center,2026-05-17,2026-05-18,1010.0,rv,45.0,43.0,2.0,https://cdn.prod.website-files.com/663a60b91deeae06e8ae1d1c/6a317d6b6a131bd58ddfc7b9_Rainey_Center_May_Omnibus_Toplines.pdf
Bedrock Polling,2026-05-17,2026-05-18,1010.0,rv,45.0,43.0,2.0,https://cdn.prod.website-files.com/663a60b91deeae06e8ae1d1c/6a317d6b6a131bd58ddfc7b9_Rainey_Center_May_Omnibus_Toplines.pdf
Ipsos,2026-05-15,2026-05-18,984.0,rv,39.0,38.0,1.0,https://www.ipsos.com/sites/default/files/ct/news/documents/2026-05/Reuters%20Ipsos%20Core%20Political%20May%20Topline_1.pdf
Quinnipiac University,2026-05-14,2026-05-18,1106.0,rv,50.0,39.0,11.0,https://poll.qu.edu/images/polling/us/us05202026_ugus99.pdf
Data for Progress,2026-05-15,2026-05-18,1149.0,lv,51.0,43.0,8.0,https://www.dataforprogress.org/blog/2026/5/21/democrats-lead-the-generic-ballot-by-8-points-as-midterms-approach
YouGov,2026-05-15,2026-05-18,1543.0,a,40.0,35.0,5.0,https://d3nkl3psvxxpe9.cloudfront.net/documents/econTabReport_YTE4G2g.pdf#page=49
YouGov,2026-05-15,2026-05-18,1375.0,rv,46.0,43.0,3.0,https://d3nkl3psvxxpe9.cloudfront.net/documents/econTabReport_YTE4G2g.pdf#page=49
Echelon Insights,2026-05-14,2026-05-18,1008.0,lv,51.0,43.0,8.0,https://echeloninsights.com/hubfs/_Media%20for%20Insights%20Blog/May%202026%20Voter%20Omnibus%20Topline%20-%20External.pdf
Verasight,2026-05-18,2026-05-19,1413.0,rv,51.0,43.0,8.0,https://www.gelliottmorris.com/p/2026-05-26-may-strength-in-numbers-verasight-poll
Verasight,2026-05-18,2026-05-19,1520.0,a,51.0,41.0,10.0,https://www.gelliottmorris.com/p/2026-05-26-may-strength-in-numbers-verasight-poll
Verasight/Morris Predictive Insights,2026-05-18,2026-05-20,2000.0,a,52.0,41.0,11.0,https://www.politico.com/newsletters/playbook/2026/05/22/pod-save-nobody-00933436
Rasmussen Reports,2026-05-13,2026-05-20,2161.0,lv,47.0,41.0,6.0,https://www.rasmussenreports.com/public_content/politics/mood_of_america/generic_congressional_ballot_may25
John Zogby Strategies,2026-05-21,2026-05-22,,lv,49.0,42.0,7.0,https://johnzogbystrategies.com/the-latest-zogby-political-poll-trump-economic-concerns-war-trends-05-22-26
Morning Consult,2026-05-18,2026-05-24,24849.0,rv,46.0,42.0,4.0,https://intel.morningconsult.com/mc-content/trackers/2026-midterm-election-generic-ballot-polls#05-24-2026
Morning Consult,2026-05-18,2026-05-24,29255.0,rv,46.0,42.0,4.0,https://intel.morningconsult.com/mc-content/trackers/2026-midterm-election-generic-ballot-polls#05-24-2026
Emerson College,2026-05-24,2026-05-25,1000.0,lv,49.8,41.3,8.5,https://docs.google.com/spreadsheets/d/1Tw_zIv2JLeRPiZVOfoLA82rZY_RpNY9-/edit?rtpof=true&sd=true&gid=1557082126#gid=1557082126
Pennsylvania State University McCourtney Institute for Democracy/YouGov,2026-05-19,2026-05-26,862.0,rv,41.0,37.0,4.0,https://democracy.psu.edu/wp-content/uploads/sites/14/2026/06/MOTN-GoodJobJune2026v2.pdf
YouGov,2026-05-22,2026-05-26,1514.0,a,39.0,33.0,6.0,https://d3nkl3psvxxpe9.cloudfront.net/documents/econTabReport_aWdgoE7.pdf#page=51
Marquette University Law School,2026-05-20,2026-05-26,576.0,lv,49.0,48.0,1.0,https://law.marquette.edu/assets/community/poll/MLSPSC32/MLSPSC32Toplines_NationalIssues.html
Marquette University Law School,2026-05-20,2026-05-26,857.0,rv,46.0,45.0,1.0,https://law.marquette.edu/assets/community/poll/MLSPSC32/MLSPSC32Toplines_NationalIssues.html
Marquette University Law School,2026-05-20,2026-05-26,1001.0,a,45.0,41.0,4.0,https://law.marquette.edu/assets/community/poll/MLSPSC32/MLSPSC32Toplines_NationalIssues.html
YouGov,2026-05-22,2026-05-26,1393.0,rv,46.0,41.0,5.0,https://d3nkl3psvxxpe9.cloudfront.net/documents/econTabReport_aWdgoE7.pdf#page=51
Big Data Poll,2026-05-24,2026-05-27,2874.0,lv,50.3,39.4,10.899999999999999,https://www.bigdatapoll.com/blog/democrats-expand-lead-in-may-as-voters-sour-further-on-the-iran-war
Big Data Poll,2026-05-24,2026-05-27,3176.0,rv,48.3,38.0,10.299999999999997,https://www.bigdatapoll.com/blog/democrats-expand-lead-in-may-as-voters-sour-further-on-the-iran-war
TIPP Insights,2026-05-26,2026-05-28,1332.0,rv,46.0,41.0,5.0,https://issuesinsights.com/2026/06/15/does-either-party-have-an-edge-in-2026-midterms-and-2028-presidential-election-ii-tipp-poll
Morning Consult,2026-05-25,2026-05-31,,rv,45.0,42.0,3.0,https://intel.morningconsult.com/mc-content/trackers/2026-midterm-election-generic-ballot-polls#05-31-2026
HarrisX/Harris,2026-05-29,2026-05-31,1725.0,rv,51.0,49.0,2.0,https://harvardharrispoll.com/wp-content/uploads/2026/06/HHP_May2026_KeyResults.pdf
YouGov,2026-05-29,2026-06-01,1603.0,a,41.0,35.0,6.0,https://d3nkl3psvxxpe9.cloudfront.net/documents/econTabReport_AvLU7vY.pdf#page=58
Focaldata,2026-05-29,2026-06-01,1537.0,rv,48.0,43.0,5.0,http://focaldata.com/blog/trump-inflation-approval-crashes-to-record-low
Focaldata,2026-05-29,2026-06-01,1719.0,a,45.0,42.0,3.0,http://focaldata.com/blog/trump-inflation-approval-crashes-to-record-low
YouGov,2026-05-29,2026-06-01,1452.0,rv,46.0,42.0,4.0,https://d3nkl3psvxxpe9.cloudfront.net/documents/econTabReport_AvLU7vY.pdf#page=58
The Bullfinch Group,2026-05-29,2026-06-02,1000.0,rv,42.0,36.0,6.0,https://www.thebullfinchgroup.com/post/public-release-of-bullfinch-q2-nationwide-survey-4
Quantus Insights,2026-06-01,2026-06-02,1050.0,lv,47.0,42.0,5.0,https://drive.google.com/file/d/170FM0UjFJmSccdmQqJKxbqhw-wsWDtdi/view
The Winston Group,2026-05-30,2026-06-02,1000.0,rv,48.0,41.0,7.0,https://www.winningtheissues.org/wp-content/uploads/2026/06/May-2026-Winning-the-Issues-Survey.pdf
The Bullfinch Group,2026-05-29,2026-06-02,1200.0,a,41.0,34.0,7.0,https://www.thebullfinchgroup.com/post/public-release-of-bullfinch-q2-nationwide-survey-4
The Argument/Verasight,2026-05-29,2026-06-03,3008.0,rv,53.0,47.0,6.0,https://www.theargumentmag.com/p/the-biggest-issue-in-american-politics
Cygnal,2026-06-02,2026-06-03,1500.0,lv,49.0,44.0,5.0,https://www.cygn.al/news/poll-independents-arent-who-you-think-they-are-the-left-americas-250-and-who-trump-has-lost-since-the-inauguration
RMG Research,2026-06-01,2026-06-04,2000.0,rv,49.0,45.0,4.0,https://napolitannews.org/posts/generic-ballot-dem-49-percent-gop-45-dems-more-enthusiastic
Noble Predictive Insights,2026-06-01,2026-06-04,2585.0,rv,47.0,41.0,6.0,https://www.thecentersquare.com/national/article_068f34af-cac1-4328-b582-915d04044322.html
Clarity Campaign Labs,2026-05-28,2026-06-05,1045.0,lv,48.0,45.0,3.0,https://www.claritycampaigns.com/clarity-omnibus-2026-may
Research Co.,2026-06-04,2026-06-06,1001.0,a,38.0,33.0,5.0,https://researchco.ca/wp-content/uploads/2026/06/Tables_Politics_USA_15Jun2026.pdf
HarrisX,2026-05-20,2026-06-07,2010.0,a,43.0,42.0,1.0,https://www.harrisx.com/content/forbes-harrisx-american-confidence-tracker-june-2026#06-07-2026
HarrisX,2026-05-20,2026-06-07,1137.0,lv,46.0,45.0,1.0,https://www.harrisx.com/content/forbes-harrisx-american-confidence-tracker-june-2026#06-07-2026
Hart Research Associates/Public Opinion Strategies,2026-05-29,2026-06-07,2400.0,rv,49.0,44.0,5.0,https://www.documentcloud.org/documents/28246606-260216-nbc-june-2026-poll-61426-release
HarrisX,2026-05-20,2026-06-07,1392.0,rv,44.0,43.0,1.0,https://www.harrisx.com/content/forbes-harrisx-american-confidence-tracker-june-2026#06-07-2026
Morning Consult,2026-06-01,2026-06-07,24849.0,rv,46.0,42.0,4.0,https://intel.morningconsult.com/mc-content/trackers/2026-midterm-election-generic-ballot-polls#06-07-2026
YouGov,2026-06-05,2026-06-08,1437.0,rv,45.0,41.0,4.0,https://d3nkl3psvxxpe9.cloudfront.net/documents/econTabReport_nvajahp.pdf#page=31
Ipsos,2026-06-03,2026-06-08,3578.0,rv,41.0,37.0,4.0,https://www.ipsos.com/sites/default/files/ct/news/documents/2026-06/Reuters%20Ipsos%20Large%20Issue%20Topline%20June%202026%206.8%20release.pdf
YouGov,2026-06-05,2026-06-08,1567.0,a,37.0,33.0,4.0,https://d3nkl3psvxxpe9.cloudfront.net/documents/econTabReport_nvajahp.pdf#page=31
Emerson College,2026-06-07,2026-06-08,1200.0,lv,50.3,39.5,10.799999999999997,https://docs.google.com/spreadsheets/d/1OdhDSPbsk575neEvXB2v103QdfEAE8l-/edit?gid=1710999602#gid=1710999602
Ipsos,2026-06-03,2026-06-08,4531.0,a,35.0,31.0,4.0,https://www.ipsos.com/sites/default/files/ct/news/documents/2026-06/Reuters%20Ipsos%20Large%20Issue%20Topline%20June%202026%206.8%20release.pdf
The Public Sentiment Institute,2026-06-12,2026-06-13,1042.0,rv,43.0,34.0,9.0,https://tpsiofficial.substack.com/p/tpsi-junes-national-benchmark-poll
The Public Sentiment Institute,2026-06-12,2026-06-13,1023.0,lv,50.0,41.0,9.0,https://tpsiofficial.substack.com/p/tpsi-junes-national-benchmark-poll
Echelon Insights,2026-06-11,2026-06-14,1012.0,lv,50.0,44.0,6.0,https://echeloninsights.com/hubfs/_Media%20for%20Insights%20Blog/June%202026%20Voter%20Omnibus%20Topline%20-%20External.pdf
Morning Consult,2026-06-08,2026-06-14,24000.0,rv,45.8,41.9,3.8999999999999986,https://pro-assets.morningconsult.com/wp-uploads/2026/06/MCPI-Midterm-Ballot_260622.html
Ipsos,2026-06-12,2026-06-15,1195.0,rv,41.0,38.0,3.0,https://www.ipsos.com/sites/default/files/ct/news/documents/2026-06/Reuters%20Ipsos%20America%20250%20Poll%20Topline%20June%202026_0.pdf
Ipsos,2026-06-12,2026-06-15,1537.0,a,35.0,31.0,4.0,https://www.ipsos.com/sites/default/files/ct/news/documents/2026-06/Reuters%20Ipsos%20America%20250%20Poll%20Topline%20June%202026_0.pdf
YouGov,2026-06-13,2026-06-15,1402.0,rv,46.0,44.0,2.0,https://d3nkl3psvxxpe9.cloudfront.net/documents/econTabReport_GpnDRNm.pdf#page=74
YouGov,2026-06-13,2026-06-15,1547.0,a,39.0,36.0,3.0,https://d3nkl3psvxxpe9.cloudfront.net/documents/econTabReport_GpnDRNm.pdf#page=74
Marquette University Law School,2026-06-09,2026-06-15,827.0,lv,53.0,45.0,8.0,https://law.marquette.edu/assets/community/poll/MLSPSC33/PressRelease_America250pt2.pdf
The Bullfinch Group,2026-06-12,2026-06-16,1000.0,rv,44.0,36.0,8.0,https://cdn.prod.website-files.com/68f64c3625044325e169d107/6a3583631f77734f69af70c8_2026%20IC%20Nationwide%20News%20Survey%20Toplines%20(1).pdf
The Bullfinch Group,2026-06-12,2026-06-16,1200.0,a,43.0,34.0,9.0,https://cdn.prod.website-files.com/68f64c3625044325e169d107/6a3583631f77734f69af70c8_2026%20IC%20Nationwide%20News%20Survey%20Toplines%20(1).pdf
Quantus Insights,2026-06-16,2026-06-17,1000.0,lv,47.0,43.0,4.0,https://polls.quantusinsights.org/polls/national-approval-june-17?tab=toplines
Morning Consult,2026-06-19,2026-06-22,,rv,46.0,42.0,4.0,https://pro-assets.morningconsult.com/wp-uploads/2026/06/MCPI-PI-Weekly_260622.html
YouGov,2026-06-19,2026-06-22,1679.0,a,38.0,35.0,3.0,https://d3nkl3psvxxpe9.cloudfront.net/documents/econTabReport_v8p0Pe8.pdf#page=58
Echelon Insights,2026-06-18,2026-06-22,1003.0,lv,51.0,45.0,6.0,https://echeloninsights.com/insights/june-2026-america-250-verified-voter-omnibus
Ipsos,2026-06-18,2026-06-22,978.0,rv,41.0,36.0,5.0,https://www.reuters.com/data/trumps-approval-rating-2025-01-21/
YouGov,2026-06-19,2026-06-22,1517.0,rv,45.0,43.0,2.0,https://d3nkl3psvxxpe9.cloudfront.net/documents/econTabReport_v8p0Pe8.pdf#page=58
Verasight,2026-06-17,2026-06-22,1896.0,rv,50.0,43.0,7.0,https://www.gelliottmorris.com/p/poll
Big Data Poll,2026-06-26,2026-06-28,2604.0,lv,50.2,41.0,9.200000000000003,https://www.bigdatapoll.com/blog/trump-bump-voters-overwhelmingly-support-iran-peace-deal/
YouGov,2026-06-26,2026-06-29,1426.0,rv,45.0,42.0,3.0,https://d3nkl3psvxxpe9.cloudfront.net/documents/econTabReport_1tbbxVr.pdf#page=58
Focaldata,2026-06-26,2026-06-30,1795.0,rv,50.0,43.0,7.0,https://www.focaldata.com/blog/ossoffism-and-the-gops-elite-problem
